1, 1847296, 9, 38, 7360, 0, 0, 3376, 0, 4096
2, 5967872, 54, 82, 1335808, 0, 1, 154464, 1, 23264
3, 12750848, 454, 484, 3873952, 0, 1, 3851312, 1, 1180512
4, 12750848, 2, 69, 3211264, 0, 1, 0, 1, 81696
5, 19095552, 1745, 1780, 7276256, 0, 2, 7289456, 1, 3250768
6, 19095552, 578, 632, 4149136, 0, 1, 2016752, 1, 46800
7, 28577792, 15, 88, 7391920, 0, 2, 4250704, 2, 2227440
8, 28577792, 1817, 1858, 13468848, 0, 2, 13483664, 2, 3142800
9, 28577792, 796, 844, 6378704, 0, 2, 3162048, 3, 24656
10, 42606592, 3921, 3959, 21482400, 0, 3, 21528064, 2, 3235024
11, 59383808, 4811, 4847, 32048736, 0, 3, 32021424, 2, 9776
12, 59383808, 5216, 5254, 38339344, 0, 4, 33533440, 3, 91088
13, 59383808, 1450, 1495, 15021200, 0, 13, 14944656, 3, 4897328
14, 59383808, 5044, 5085, 34018784, 0, 3, 34061568, 3, 114096
15, 59383808, 5577, 5614, 21714368, 0, 3, 21792816, 3, 13728
16, 59383808, 3889, 3928, 21015920, 0, 4, 15443920, 4, 14784
17, 92938240, 37, 122, 24402896, 0, 7, 11513568, 6, 5755728
18, 92938240, 9540, 9608, 46489648, 0, 7, 46595040, 4, 12904816
19, 92938240, 9267, 9335, 37452912, 0, 5, 36488048, 4, 1072608
20, 92938240, 9129, 9200, 35093008, 0, 5, 34246224, 4, 991584
21, 92938240, 8895, 8963, 35144128, 0, 5, 34457216, 4, 814848
22, 92938240, 8569, 8635, 32507328, 0, 5, 31855488, 4, 807248
23, 92938240, 8177, 8242, 29156336, 0, 5, 28599504, 4, 701312
24, 92938240, 8428, 8494, 30705632, 0, 5, 29987184, 4, 827120
25, 92938240, 10242, 10314, 44834768, 0, 5, 43915120, 4, 1048672
26, 92938240, 9014, 9092, 34662640, 0, 5, 33868352, 4, 878768
27, 92938240, 8826, 8898, 35666928, 0, 6, 34738368, 4, 1126400
28, 92938240, 8596, 8666, 31758480, 0, 5, 30836720, 4, 1046432
29, 92938240, 8459, 8532, 30150896, 0, 5, 29365936, 4, 894208
30, 92938240, 8847, 8921, 33405376, 0, 5, 32725680, 4, 811840
31, 92938240, 8431, 8504, 32546144, 0, 5, 31704032, 4, 1021360
32, 92938240, 8816, 8890, 33451376, 0, 5, 32599568, 4, 962800
33, 92938240, 8806, 8882, 33589184, 0, 5, 32832192, 4, 926896
34, 92938240, 8818, 8890, 34055520, 0, 5, 33343824, 4, 870896
35, 92938240, 9107, 9178, 36700560, 0, 5, 35760320, 4, 1043552
36, 92938240, 8695, 8771, 32603120, 0, 5, 31828736, 4, 936096
37, 92938240, 8943, 9012, 35995792, 0, 6, 35344720, 4, 787472
38, 92938240, 8993, 9065, 34883104, 0, 5, 34128592, 4, 887776
39, 92938240, 8546, 8617, 32442112, 0, 5, 31756288, 4, 826848
40, 92938240, 9248, 9322, 37625536, 0, 5, 36490448, 4, 1246864
41, 109715456, 12814, 12886, 73317360, 0, 6, 72598240, 5, 917424
42, 109715456, 12090, 12160, 45263968, 0, 6, 44840064, 5, 626560
43, 109715456, 12858, 12931, 50498864, 0, 6, 50008448, 5, 662416
44, 109715456, 14297, 14371, 64683504, 0, 6, 63670896, 4, 1184400
45, 109715456, 12485, 12558, 47905376, 0, 6, 47160336, 5, 965824
46, 109715456, 11865, 11938, 44149824, 0, 6, 43648352, 5, 686944
47, 109715456, 11453, 11527, 44804464, 0, 6, 44638768, 5, 519872
48, 109715456, 13118, 13190, 57803392, 0, 6, 57015568, 4, 1083856
49, 109715456, 12580, 12653, 50293840, 0, 6, 49707392, 5, 820736
50, 109715456, 12894, 12968, 51558448, 0, 6, 51043808, 5, 697520
51, 109715456, 13623, 13699, 52319264, 0, 7, 51659072, 5, 803280
52, 109715456, 12923, 13000, 50935440, 0, 6, 50477264, 4, 636752
53, 109715456, 12362, 12435, 47031920, 0, 6, 46475808, 5, 778800
54, 109715456, 13128, 13199, 52171808, 0, 6, 51769856, 5, 626624
55, 109715456, 12535, 12608, 48134560, 0, 6, 47658304, 4, 658704
56, 109715456, 11831, 11904, 44685920, 0, 6, 44352448, 5, 591104
57, 109715456, 12168, 12237, 46728496, 0, 6, 46301616, 5, 650736
58, 109715456, 12190, 12263, 46365232, 0, 6, 45984320, 5, 607264
59, 109715456, 12547, 12620, 48859216, 0, 6, 48323440, 5, 748048
1, 950272, 13, 34, 35040, 0, 0, 6144, 0, 0
2, 2605056, 28, 56, 676832, 0, 0, 50496, 0, 689040
3, 3887104, 22, 46, 1258592, 0, 0, 1239776, 0, 30144
4, 5816320, 293, 310, 2996448, 0, 0, 2340576, 0, 24576
5, 8482816, 112, 129, 3118080, 0, 1, 994128, 0, 667648
6, 8482816, 671, 689, 3377024, 0, 0, 3402352, 0, 2129920
7, 8482816, 632, 646, 2489120, 0, 0, 2515216, 0, 0
8, 8482816, 632, 646, 2497728, 0, 0, 2523440, 0, 0
9, 8482816, 640, 654, 4968944, 0, 0, 4992832, 0, 0
10, 8482816, 632, 646, 2489264, 0, 0, 2515456, 0, 0
11, 8482816, 632, 646, 2498784, 0, 0, 2524576, 0, 0
12, 8482816, 632, 646, 2496544, 0, 0, 2517760, 0, 0
13, 8482816, 632, 646, 2498720, 0, 0, 2527200, 0, 0
14, 8482816, 632, 646, 2495584, 0, 0, 2521312, 0, 0
15, 8482816, 632, 646, 2495504, 0, 0, 2520032, 0, 0
16, 8482816, 632, 646, 2493872, 0, 0, 2519104, 0, 0
17, 8482816, 632, 646, 2491088, 0, 0, 2515744, 0, 0
18, 8482816, 632, 646, 2485008, 0, 0, 2512512, 0, 0
19, 8482816, 632, 646, 2512128, 0, 0, 2538000, 0, 0
20, 8482816, 632, 646, 2485312, 0, 0, 2512896, 0, 0
21, 8482816, 632, 646, 2496512, 0, 0, 2520240, 0, 0
22, 8482816, 632, 646, 2485440, 0, 0, 2512752, 0, 0
23, 8482816, 632, 646, 2501744, 0, 0, 2526400, 0, 0
24, 8482816, 632, 646, 2492112, 0, 0, 2518016, 0, 0
25, 8482816, 632, 646, 2482912, 0, 0, 2506160, 0, 0
26, 8482816, 632, 646, 2484384, 0, 0, 2510784, 0, 0
27, 8482816, 632, 646, 2493904, 0, 0, 2520016, 0, 0
28, 8482816, 632, 646, 2493680, 0, 0, 2519280, 0, 0
29, 8482816, 632, 646, 2499856, 0, 0, 2525408, 0, 0
30, 8482816, 632, 646, 2499936, 0, 0, 2525824, 0, 0
31, 8482816, 636, 650, 5057776, 0, 0, 5083392, 0, 0
32, 8482816, 632, 646, 2494656, 0, 0, 2520240, 0, 0
33, 8482816, 632, 646, 2490240, 0, 0, 2515968, 0, 0
34, 8482816, 632, 646, 2496128, 0, 0, 2522032, 0, 0
35, 8482816, 632, 646, 2491728, 0, 0, 2515584, 0, 0
36, 8482816, 632, 646, 2499344, 0, 0, 2526736, 0, 0
37, 8482816, 631, 646, 2491408, 0, 0, 2517056, 0, 3696
38, 8482816, 632, 646, 2491056, 0, 0, 2517440, 0, 0
39, 8482816, 632, 646, 2493312, 0, 0, 2519696, 0, 0
40, 8482816, 632, 646, 2493776, 0, 0, 2520176, 0, 0
41, 8482816, 632, 646, 2496096, 0, 0, 2519200, 0, 0
42, 8482816, 632, 646, 2486608, 0, 0, 2513904, 0, 0
43, 8482816, 632, 646, 2489136, 0, 0, 2515344, 0, 0
44, 8482816, 632, 646, 2489936, 0, 0, 2515216, 0, 0
45, 8482816, 632, 646, 2494960, 0, 0, 2519184, 0, 0
46, 8482816, 632, 646, 2486912, 0, 0, 2514464, 0, 0
47, 8482816, 632, 646, 2500880, 0, 0, 2523808, 0, 0
48, 8482816, 632, 646, 2490144, 0, 0, 2517488, 0, 0
49, 8482816, 632, 646, 2504912, 0, 0, 2531728, 0, 0
50, 8482816, 632, 646, 2491088, 0, 0, 2516384, 0, 0
51, 8482816, 632, 646, 2496080, 0, 0, 2522944, 0, 0
52, 8482816, 632, 646, 2491504, 0, 0, 2516848, 0, 0
53, 8482816, 632, 646, 2485712, 0, 0, 2512208, 0, 0
54, 8482816, 632, 646, 2483072, 0, 0, 2509440, 0, 0
55, 8482816, 632, 646, 2491344, 0, 0, 2516704, 0, 0
56, 8482816, 632, 646, 2496976, 0, 0, 2521408, 0, 0
57, 8482816, 632, 646, 2492336, 0, 0, 2517888, 0, 0
58, 8482816, 632, 646, 2496176, 0, 0, 2521136, 0, 0
59, 8482816, 632, 646, 2489072, 0, 0, 2517008, 0, 0
60, 8482816, 632, 646, 2497664, 0, 0, 2524048, 0, 0
61, 8482816, 632, 646, 2490224, 0, 0, 2516496, 0, 0
62, 8482816, 632, 646, 2489136, 0, 0, 2514144, 0, 0
63, 8482816, 632, 646, 2495072, 0, 0, 2520128, 0, 0
64, 8482816, 632, 646, 2489360, 0, 0, 2515360, 0, 0
65, 8482816, 632, 646, 2489376, 0, 0, 2514864, 0, 0
66, 8482816, 632, 646, 2493376, 0, 0, 2518560, 0, 0
67, 8482816, 632, 646, 2497232, 0, 0, 2524688, 0, 0
68, 8482816, 632, 646, 2495360, 0, 0, 2519536, 0, 0
69, 8482816, 632, 646, 2499104, 0, 0, 2526480, 0, 0
70, 8482816, 632, 646, 2504800, 0, 0, 2529376, 0, 0
71, 8482816, 632, 646, 2495264, 0, 0, 2520512, 0, 0
72, 8482816, 632, 646, 2489328, 0, 0, 2514336, 0, 0
73, 8482816, 632, 646, 2490656, 0, 0, 2514368, 0, 0
74, 8482816, 632, 646, 2492912, 0, 0, 2520048, 0, 0
75, 8482816, 632, 646, 2496656, 0, 0, 2523760, 0, 0
76, 8482816, 632, 646, 2487152, 0, 0, 2510432, 0, 0
77, 8482816, 632, 646, 2483712, 0, 0, 2511632, 0, 0
78, 8482816, 632, 646, 2495024, 0, 0, 2519776, 0, 0
79, 8482816, 632, 646, 2493632, 0, 0, 2518896, 0, 0
80, 8482816, 632, 646, 2496112, 0, 0, 2521440, 0, 0
81, 8482816, 632, 646, 2496832, 0, 0, 2520992, 0, 0
82, 8482816, 632, 646, 2500944, 0, 0, 2525408, 0, 0
83, 8482816, 632, 646, 2499312, 0, 0, 2524544, 0, 0
84, 8482816, 632, 646, 2501904, 0, 0, 2526304, 0, 0
85, 8482816, 632, 646, 2490112, 0, 0, 2519840, 0, 0
86, 8482816, 632, 646, 2497232, 0, 0, 2523680, 0, 0
87, 8482816, 632, 646, 2488336, 0, 0, 2514608, 0, 0
88, 8482816, 632, 646, 2494016, 0, 0, 2518896, 0, 0
89, 8482816, 632, 646, 2493296, 0, 0, 2518512, 0, 0
90, 8482816, 632, 646, 2498368, 0, 0, 2523600, 0, 0
91, 8482816, 632, 646, 2500832, 0, 0, 2526944, 0, 0
92, 8482816, 632, 646, 2496144, 0, 0, 2521296, 0, 0
93, 8482816, 632, 646, 2502624, 0, 0, 2527952, 0, 0
94, 8482816, 632, 646, 2506544, 0, 0, 2532464, 0, 0
95, 8482816, 632, 646, 2500784, 0, 0, 2525632, 0, 0
96, 8482816, 632, 646, 2494976, 0, 0, 2520048, 0, 0
97, 8482816, 632, 646, 2493008, 0, 0, 2518384, 0, 0
98, 8482816, 632, 646, 2495488, 0, 0, 2520592, 0, 0
99, 8482816, 632, 646, 2502624, 0, 0, 2527760, 0, 0
100, 8482816, 632, 646, 2496672, 0, 0, 2524400, 0, 0
101, 8482816, 632, 646, 2497744, 0, 0, 2524032, 0, 0
102, 8482816, 632, 646, 2500080, 0, 0, 2525008, 0, 0
103, 8482816, 632, 646, 2485216, 0, 0, 2510720, 0, 0
104, 8482816, 632, 646, 2495376, 0, 0, 2519120, 0, 0
105, 8482816, 632, 646, 2483472, 0, 0, 2510992, 0, 0
106, 8482816, 632, 646, 2492608, 0, 0, 2518160, 0, 0
107, 8482816, 632, 646, 2498304, 0, 0, 2523632, 0, 0
108, 8482816, 632, 646, 2489952, 0, 0, 2513216, 0, 0
109, 8482816, 632, 646, 2486192, 0, 0, 2514192, 0, 0
110, 8482816, 632, 646, 2491968, 0, 0, 2519248, 0, 0
111, 8482816, 632, 646, 2490656, 0, 0, 2514752, 0, 0
112, 8482816, 632, 646, 2490112, 0, 0, 2516576, 0, 0
113, 8482816, 632, 646, 2495696, 0, 0, 2521008, 0, 0
114, 8482816, 632, 646, 2492720, 0, 0, 2519872, 0, 0
115, 8482816, 632, 646, 2493152, 0, 0, 2518144, 0, 0
116, 8482816, 632, 646, 2500736, 0, 0, 2526544, 0, 0
117, 8482816, 632, 646, 2494608, 0, 0, 2518688, 0, 0
118, 8482816, 632, 646, 2492128, 0, 0, 2518992, 0, 0
119, 8482816, 632, 646, 2487584, 0, 0, 2514032, 0, 0
120, 8482816, 632, 646, 2493712, 0, 0, 2517888, 0, 0
121, 8482816, 632, 646, 2501120, 0, 0, 2524960, 0, 0
122, 8482816, 632, 646, 2489104, 0, 0, 2513280, 0, 0
123, 8482816, 632, 646, 2496448, 0, 0, 2522064, 0, 0
124, 8482816, 632, 646, 2494512, 0, 0, 2521136, 0, 0
125, 8482816, 632, 646, 2497824, 0, 0, 2524128, 0, 0
126, 8482816, 632, 646, 2496160, 0, 0, 2521600, 0, 0
127, 8482816, 632, 646, 2485136, 0, 0, 2510592, 0, 0
128, 8482816, 632, 646, 2493600, 0, 0, 2517184, 0, 0
129, 8482816, 632, 646, 2500928, 0, 0, 2527200, 0, 0
130, 8482816, 632, 646, 2497824, 0, 0, 2524032, 0, 0
131, 8482816, 632, 646, 2492288, 0, 0, 2519040, 0, 0
132, 8482816, 632, 646, 2503088, 0, 0, 2528128, 0, 0
133, 8482816, 632, 646, 2498640, 0, 0, 2524512, 0, 0
134, 8482816, 632, 646, 2495552, 0, 0, 2520080, 0, 0
135, 8482816, 632, 646, 2494688, 0, 0, 2520384, 0, 0
136, 8482816, 632, 646, 2497568, 0, 0, 2522896, 0, 0
137, 8482816, 632, 646, 2495328, 0, 0, 2521360, 0, 0
138, 8482816, 632, 646, 2485808, 0, 0, 2509584, 0, 0
139, 8482816, 632, 646, 2479296, 0, 0, 2507040, 0, 0
140, 8482816, 632, 646, 2487920, 0, 0, 2513296, 0, 0
141, 8482816, 632, 646, 2501264, 0, 0, 2525120, 0, 0
142, 8482816, 632, 646, 2498816, 0, 0, 2526704, 0, 0
143, 8482816, 632, 646, 2489552, 0, 0, 2515376, 0, 0
144, 8482816, 632, 646, 2485776, 0, 0, 2511920, 0, 0
145, 8482816, 632, 646, 2490112, 0, 0, 2515840, 0, 0
146, 8482816, 632, 646, 2503296, 0, 0, 2529472, 0, 0
147, 8482816, 632, 646, 2488816, 0, 0, 2514336, 0, 0
148, 8482816, 632, 646, 2490384, 0, 0, 2516320, 0, 0
149, 8482816, 632, 646, 2481008, 0, 0, 2506192, 0, 0
150, 8482816, 632, 646, 2494224, 0, 0, 2519792, 0, 0
151, 8482816, 632, 646, 2503760, 0, 0, 2528944, 0, 0
152, 8482816, 632, 646, 2482464, 0, 0, 2508352, 0, 0
153, 8482816, 632, 646, 2500304, 0, 0, 2526416, 0, 0
154, 8482816, 632, 646, 2483488, 0, 0, 2508032, 0, 0
155, 8482816, 632, 646, 2493232, 0, 0, 2517760, 0, 0
156, 8482816, 632, 646, 2487920, 0, 0, 2512256, 0, 0
157, 8482816, 632, 646, 2498672, 0, 0, 2524080, 0, 0
158, 8482816, 632, 646, 2482720, 0, 0, 2509728, 0, 0
159, 8482816, 632, 646, 2491040, 0, 0, 2514720, 0, 0
160, 8482816, 632, 646, 2489408, 0, 0, 2516080, 0, 0
161, 8482816, 632, 646, 2493328, 0, 0, 2519232, 0, 0
162, 8482816, 632, 646, 2488032, 0, 0, 2512832, 0, 0
163, 8482816, 632, 646, 2496016, 0, 0, 2520304, 0, 0
164, 8482816, 632, 646, 2484928, 0, 0, 2511040, 0, 0
165, 8482816, 632, 646, 2501744, 0, 0, 2527312, 0, 0
166, 8482816, 632, 646, 2489712, 0, 0, 2516848, 0, 0
167, 8482816, 632, 646, 2497440, 0, 0, 2521856, 0, 0
168, 8482816, 632, 646, 2497712, 0, 0, 2521632, 0, 0
169, 8482816, 632, 646, 2498128, 0, 0, 2523968, 0, 0
170, 8482816, 632, 646, 2494448, 0, 0, 2518704, 0, 0
171, 8482816, 632, 646, 2495568, 0, 0, 2522816, 0, 0
172, 8482816, 632, 646, 2492960, 0, 0, 2517360, 0, 0
173, 8482816, 632, 646, 2497696, 0, 0, 2520112, 0, 0
174, 8482816, 632, 646, 2496576, 0, 0, 2523648, 0, 0
175, 8482816, 632, 646, 2487568, 0, 0, 2514320, 0, 0
176, 8482816, 632, 646, 2498848, 0, 0, 2524464, 0, 0
177, 8482816, 632, 646, 2488848, 0, 0, 2515152, 0, 0
178, 8482816, 632, 646, 2484496, 0, 0, 2512528, 0, 0
179, 8482816, 632, 646, 2491216, 0, 0, 2516384, 0, 0
180, 8482816, 632, 646, 2498448, 0, 0, 2524080, 0, 0
181, 8482816, 632, 646, 2502640, 0, 0, 2525792, 0, 0
182, 8482816, 632, 646, 2494080, 0, 0, 2519648, 0, 0
183, 8482816, 632, 646, 2487296, 0, 0, 2513648, 0, 0
184, 8482816, 632, 646, 2501296, 0, 0, 2527296, 0, 0
185, 8482816, 632, 646, 2495472, 0, 0, 2518624, 0, 0
186, 8482816, 632, 646, 2488896, 0, 0, 2515808, 0, 0
187, 8482816, 632, 646, 2490128, 0, 0, 2514096, 0, 0
188, 8482816, 632, 646, 2491296, 0, 0, 2517248, 0, 0
189, 8482816, 632, 646, 2492656, 0, 0, 2520864, 0, 0
190, 8482816, 632, 646, 2496704, 0, 0, 2522144, 0, 0
191, 8482816, 632, 646, 2483328, 0, 0, 2509744, 0, 0
192, 8482816, 632, 646, 2493424, 0, 0, 2518464, 0, 0
193, 8482816, 632, 646, 2498384, 0, 0, 2525136, 0, 0
194, 8482816, 632, 646, 2495968, 0, 0, 2520704, 0, 0
195, 8482816, 632, 646, 2497568, 0, 0, 2523808, 0, 0
196, 8482816, 632, 646, 2491936, 0, 0, 2517424, 0, 0
197, 8482816, 632, 646, 2500576, 0, 0, 2527584, 0, 0
198, 8482816, 632, 646, 2499232, 0, 0, 2522416, 0, 0
199, 8482816, 632, 646, 2490816, 0, 0, 2518432, 0, 0
200, 8482816, 632, 646, 2490704, 0, 0, 2516608, 0, 0
201, 8482816, 632, 646, 2498336, 0, 0, 2524560, 0, 0
202, 8482816, 632, 646, 2488320, 0, 0, 2513600, 0, 0
203, 8482816, 632, 646, 2493488, 0, 0, 2520832, 0, 0
204, 8482816, 632, 646, 2486672, 0, 0, 2510960, 0, 0
205, 8482816, 632, 646, 2491344, 0, 0, 2517360, 0, 0
206, 8482816, 632, 646, 2489440, 0, 0, 2514736, 0, 0
207, 8482816, 632, 646, 2502176, 0, 0, 2528032, 0, 0
208, 8482816, 632, 646, 2492976, 0, 0, 2518800, 0, 0
209, 8482816, 632, 646, 2486256, 0, 0, 2512048, 0, 0
210, 8482816, 632, 646, 2491248, 0, 0, 2516368, 0, 0
211, 8482816, 632, 646, 2487488, 0, 0, 2512592, 0, 0
212, 8482816, 632, 646, 2500720, 0, 0, 2528496, 0, 0
213, 8482816, 632, 646, 2490848, 0, 0, 2515648, 0, 0
214, 8482816, 632, 646, 2481168, 0, 0, 2508496, 0, 0
215, 8482816, 632, 646, 2493088, 0, 0, 2517280, 0, 0
216, 8482816, 632, 646, 2494480, 0, 0, 2522304, 0, 0
217, 8482816, 632, 646, 2498320, 0, 0, 2523664, 0, 0
218, 8482816, 632, 646, 2493888, 0, 0, 2519936, 0, 0
219, 8482816, 632, 646, 2498592, 0, 0, 2523120, 0, 0
220, 8482816, 632, 646, 2496384, 0, 0, 2520816, 0, 0
221, 8482816, 632, 646, 2490848, 0, 0, 2515136, 0, 0
222, 8482816, 632, 646, 2493040, 0, 0, 2519648, 0, 0
223, 8482816, 632, 646, 2490320, 0, 0, 2515968, 0, 0
224, 8482816, 632, 646, 2500368, 0, 0, 2525152, 0, 0
225, 8482816, 632, 646, 2495984, 0, 0, 2519920, 0, 0
226, 8482816, 632, 646, 2497600, 0, 0, 2523408, 0, 0
227, 8482816, 632, 646, 2498464, 0, 0, 2520832, 0, 0
228, 8482816, 632, 646, 2492032, 0, 0, 2516672, 0, 0
229, 8482816, 632, 646, 2495296, 0, 0, 2522432, 0, 0
230, 8482816, 632, 646, 2502752, 0, 0, 2526720, 0, 0
231, 8482816, 632, 646, 2479936, 0, 0, 2505888, 0, 0
232, 8482816, 632, 646, 2481792, 0, 0, 2507952, 0, 0
233, 8482816, 632, 646, 2493088, 0, 0, 2519248, 0, 0
234, 8482816, 632, 646, 2490992, 0, 0, 2516384, 0, 0
235, 8482816, 632, 646, 2495472, 0, 0, 2520000, 0, 0
236, 8482816, 632, 646, 2500848, 0, 0, 2523856, 0, 0
237, 8482816, 632, 646, 2493152, 0, 0, 2519248, 0, 0
238, 8482816, 632, 646, 2491760, 0, 0, 2515792, 0, 0
239, 8482816, 632, 646, 2496448, 0, 0, 2522336, 0, 0
240, 8482816, 632, 646, 2494256, 0, 0, 2519632, 0, 0
241, 8482816, 632, 646, 2492320, 0, 0, 2518320, 0, 0
242, 8482816, 632, 646, 2497712, 0, 0, 2523360, 0, 0
243, 8482816, 632, 646, 2494480, 0, 0, 2519264, 0, 0
244, 8482816, 632, 646, 2489760, 0, 0, 2515312, 0, 0
245, 8482816, 632, 646, 2497504, 0, 0, 2523504, 0, 0
246, 8482816, 632, 646, 2499968, 0, 0, 2525200, 0, 0
247, 8482816, 632, 646, 2495984, 0, 0, 2521952, 0, 0
248, 8482816, 632, 646, 2502224, 0, 0, 2526144, 0, 0
249, 8482816, 632, 646, 2495936, 0, 0, 2522720, 0, 0
250, 8482816, 632, 646, 2494176, 0, 0, 2519824, 0, 0
251, 8482816, 632, 646, 2485056, 0, 0, 2508864, 0, 0
252, 8482816, 632, 646, 2487600, 0, 0, 2512352, 0, 0
253, 8482816, 632, 646, 2486224, 0, 0, 2515648, 0, 0
254, 8482816, 632, 646, 2500352, 0, 0, 2525648, 0, 0
255, 8482816, 632, 646, 2493728, 0, 0, 2519216, 0, 0
256, 8482816, 632, 646, 2483184, 0, 0, 2508560, 0, 0
257, 8482816, 632, 646, 2492640, 0, 0, 2517088, 0, 0
258, 8482816, 632, 646, 2493136, 0, 0, 2520032, 0, 0
259, 8482816, 632, 646, 2492032, 0, 0, 2518688, 0, 0
260, 8482816, 632, 646, 2489152, 0, 0, 2513456, 0, 0
261, 8482816, 632, 646, 2483008, 0, 0, 2511184, 0, 0
262, 8482816, 632, 646, 2490368, 0, 0, 2515808, 0, 0
263, 8482816, 632, 646, 2492304, 0, 0, 2516848, 0, 0
264, 8482816, 632, 646, 2499248, 0, 0, 2523984, 0, 0
1, 1847296, 9, 38, 7360, 0, 0, 3376, 0, 4096
2, 5967872, 54, 82, 1335808, 0, 1, 154464, 1, 23264
3, 14352384, 455, 485, 5479584, 0, 1, 3851312, 1, 1180512
4, 21233664, 2216, 2252, 10542080, 0, 1, 10557488, 1, 1645136
5, 31428608, 111, 173, 9880864, 0, 2, 4647952, 2, 65136
6, 45068288, 2590, 2634, 19847552, 0, 3, 16638368, 3, 38032
7, 61845504, 4826, 4869, 33370768, 0, 5, 24392976, 4, 3237392
8, 61845504, 3906, 3949, 24747888, 0, 5, 20113248, 3, 9055648
9, 61845504, 5214, 5254, 28992272, 0, 3, 28942656, 2, 4675936
10, 61845504, 2, 93, 9519104, 0, 4, 0, 4, 123392
11, 78622720, 6908, 6954, 45772352, 0, 5, 45845008, 5, 138288
12, 78622720, 7394, 7433, 28927904, 0, 5, 29033472, 4, 4768016
13, 78622720, 1664, 1704, 30331792, 0, 5, 23848816, 5, 20560
14, 78622720, 6976, 7021, 41617808, 0, 6, 35317216, 6, 143472
15, 78622720, 7451, 7522, 31250976, 0, 7, 30397424, 5, 7301728
16, 78622720, 6629, 6704, 26405824, 0, 6, 25495088, 4, 7392912
17, 78622720, 6815, 6886, 25795376, 0, 5, 25164784, 4, 751984
18, 78622720, 6745, 6816, 27367056, 0, 5, 26467872, 4, 975072
19, 78622720, 6349, 6418, 23174736, 0, 5, 22393104, 4, 909456
20, 78622720, 6464, 6531, 25374176, 0, 5, 24768208, 4, 735088
21, 78622720, 6019, 6092, 20550800, 0, 15, 20305632, 4, 341344
22, 78622720, 6252, 6327, 22603216, 0, 5, 21781472, 4, 916832
23, 78622720, 7142, 7213, 28437920, 0, 5, 27422880, 4, 1105296
24, 78622720, 7371, 7447, 32183744, 0, 5, 30854816, 4, 1437552
25, 78622720, 6806, 6878, 26133264, 0, 5, 25163264, 4, 1046096
26, 78622720, 6663, 6740, 26944640, 0, 5, 26379808, 4, 679632
27, 78622720, 6272, 6349, 23759600, 0, 5, 23110448, 4, 778352
28, 78622720, 6500, 6578, 23707216, 0, 5, 22825984, 4, 975120
29, 78622720, 6321, 6401, 22463824, 0, 5, 21611712, 4, 944224
30, 78622720, 6688, 6762, 25510176, 0, 5, 24649696, 4, 960928
31, 78622720, 6349, 6426, 23489184, 0, 5, 22670272, 4, 929760
32, 78622720, 6305, 6382, 24983696, 0, 5, 24420624, 4, 721728
33, 78622720, 6600, 6681, 24551056, 0, 5, 23732784, 4, 918880
34, 78622720, 6694, 6770, 25830080, 0, 5, 24961024, 4, 982672
35, 78622720, 6580, 6656, 25208752, 0, 5, 24452272, 4, 865680
36, 78622720, 6457, 6532, 25046240, 0, 5, 24432240, 4, 762320
37, 78622720, 6791, 6866, 26792096, 0, 5, 25847808, 4, 1033120
38, 78622720, 6768, 6847, 26188128, 0, 5, 25371376, 4, 919888
39, 78622720, 6405, 6483, 23490592, 0, 5, 22681568, 4, 922768
40, 78622720, 6786, 6861, 28373648, 0, 5, 27317952, 4, 1167920
41, 78622720, 6739, 6813, 25942864, 0, 5, 25100992, 4, 932256
42, 78622720, 6348, 6423, 23623280, 0, 5, 22913408, 4, 809744
43, 78622720, 6267, 6345, 23548096, 0, 5, 22667952, 4, 997648
44, 78622720, 6815, 6897, 37173376, 0, 7, 28421184, 6, 1004864
45, 95399936, 9699, 9780, 53559936, 0, 7, 52677184, 4, 8890304
46, 95399936, 9064, 9137, 33742720, 0, 5, 33124624, 5, 783040
47, 95399936, 9366, 9438, 35887136, 0, 6, 35081872, 4, 947424
48, 95399936, 9562, 9638, 37258816, 0, 6, 36161552, 5, 1240304
49, 95399936, 11332, 11408, 53876464, 0, 6, 52696896, 5, 1276800
50, 95399936, 9171, 9245, 35043392, 0, 5, 34467280, 4, 790944
51, 95399936, 9179, 9254, 35016896, 0, 5, 34393280, 4, 742928
52, 95399936, 8902, 8979, 32328544, 0, 5, 31692960, 4, 797088
53, 95399936, 8517, 8590, 33648080, 0, 5, 33322368, 5, 622112
54, 95399936, 9650, 9723, 40413056, 0, 6, 39597904, 4, 1009968
55, 95399936, 9148, 9220, 38973328, 0, 6, 38420672, 4, 793776
56, 95399936, 9743, 9817, 39243888, 0, 6, 38528224, 4, 882368
57, 95399936, 9718, 9791, 39361376, 0, 6, 38631888, 5, 880800
58, 95399936, 10443, 10519, 40724224, 0, 6, 39910672, 5, 920048
59, 95399936, 9476, 9555, 35818176, 0, 6, 35130416, 4, 817232
60, 95399936, 9733, 9809, 38482272, 0, 6, 37836592, 5, 789040
61, 95399936, 9308, 9384, 35352800, 0, 6, 34735232, 5, 781376
62, 95399936, 9592, 9666, 37306224, 0, 6, 36601248, 5, 872064
63, 95399936, 9648, 9723, 38068320, 0, 6, 37060640, 4, 1176800
64, 95399936, 9391, 9467, 36037648, 0, 6, 35177584, 5, 1005408
65, 95399936, 8883, 8957, 33650800, 0, 6, 33057936, 4, 789776
66, 95399936, 8988, 9063, 34037952, 0, 6, 33404256, 5, 816272
67, 95399936, 9124, 9196, 34986752, 0, 6, 34361680, 5, 788688
68, 95399936, 9106, 9186, 34573376, 0, 6, 34011088, 4, 741840
69, 95399936, 9340, 9416, 36145152, 0, 6, 35421184, 4, 885616
70, 95399936, 9213, 9288, 35743456, 0, 6, 35044048, 5, 881616
1, 950272, 13, 34, 35040, 0, 0, 6144, 0, 0
2, 2605056, 29, 57, 1070048, 0, 0, 50496, 0, 689040
3, 3887104, 22, 47, 1279072, 0, 0, 846560, 0, 423360
4, 5816320, 292, 309, 2582752, 0, 0, 1926880, 0, 434176
5, 8544256, 457, 475, 5257936, 0, 0, 3815728, 0, 671744
6, 8544256, 760, 777, 3020640, 0, 0, 3050416, 0, 1458176
7, 8544256, 522, 537, 2047888, 0, 0, 2069776, 0, 0
8, 8544256, 456, 472, 2656048, 0, 0, 1843888, 0, 0
9, 8544256, 455, 472, 3359232, 0, 0, 3375152, 0, 831488
10, 8544256, 545, 560, 2148624, 0, 0, 2171936, 0, 0
11, 8544256, 545, 560, 2145152, 0, 0, 2167136, 0, 0
12, 8544256, 547, 562, 2149296, 0, 0, 2171024, 0, 0
13, 8544256, 546, 561, 2146112, 0, 0, 2167168, 0, 0
14, 8544256, 548, 563, 2151808, 0, 0, 2173136, 0, 0
15, 8544256, 547, 562, 2145792, 0, 0, 2168176, 0, 0
16, 8544256, 546, 561, 2145040, 0, 0, 2167872, 0, 0
17, 8544256, 549, 564, 2148080, 0, 0, 2169904, 0, 0
18, 8544256, 546, 561, 2147072, 0, 0, 2169120, 0, 0
19, 8544256, 549, 564, 2146576, 0, 0, 2170640, 0, 0
20, 8544256, 545, 560, 2146160, 0, 0, 2168016, 0, 0
21, 8544256, 544, 559, 2148560, 0, 0, 2170432, 0, 0
22, 8544256, 548, 563, 2149040, 0, 0, 2171008, 0, 0
23, 8544256, 545, 560, 2146960, 0, 0, 2166944, 0, 0
24, 8544256, 549, 564, 2153376, 0, 0, 2177552, 0, 0
25, 8544256, 544, 559, 2145840, 0, 0, 2167024, 0, 0
26, 8544256, 546, 561, 2146976, 0, 0, 2169520, 0, 0
27, 8544256, 546, 561, 2145328, 0, 0, 2165392, 0, 0
28, 8544256, 547, 562, 2147648, 0, 0, 2169776, 0, 0
29, 8544256, 546, 561, 2147072, 0, 0, 2169680, 0, 0
30, 8544256, 545, 560, 2145008, 0, 0, 2168272, 0, 0
31, 8544256, 547, 562, 2150512, 0, 0, 2170880, 0, 0
32, 8544256, 547, 562, 2152064, 0, 0, 2173056, 0, 0
33, 8544256, 547, 562, 2148000, 0, 0, 2170576, 0, 0
34, 8544256, 388, 405, 2375328, 0, 0, 1508432, 0, 0
35, 8544256, 455, 472, 3445536, 0, 0, 2624176, 0, 884736
36, 8544256, 736, 752, 2915408, 0, 0, 2945472, 0, 839680
37, 8544256, 596, 611, 2350880, 0, 0, 2374864, 0, 0
38, 8544256, 596, 611, 2351584, 0, 0, 2375264, 0, 0
39, 8544256, 597, 612, 2352400, 0, 0, 2376224, 0, 0
40, 8544256, 597, 612, 2352640, 0, 0, 2377392, 0, 0
41, 8544256, 598, 613, 2351792, 0, 0, 2375712, 0, 0
42, 8544256, 597, 612, 2356928, 0, 0, 2382144, 0, 0
43, 8544256, 597, 612, 2354176, 0, 0, 2379456, 0, 0
44, 8544256, 597, 612, 2351920, 0, 0, 2375824, 0, 0
45, 8544256, 595, 610, 2355856, 0, 0, 2379408, 0, 0
46, 8544256, 597, 612, 2356208, 0, 0, 2381504, 0, 0
47, 8544256, 598, 613, 2353968, 0, 0, 2377680, 0, 0
48, 8544256, 596, 611, 2352048, 0, 0, 2374560, 0, 0
49, 8544256, 599, 614, 2357072, 0, 0, 2382160, 0, 0
50, 8544256, 595, 610, 2354224, 0, 0, 2379360, 0, 0
51, 8544256, 596, 611, 2354208, 0, 0, 2377152, 0, 0
52, 8544256, 598, 613, 2355536, 0, 0, 2379728, 0, 0
53, 8544256, 598, 613, 2355440, 0, 0, 2379664, 0, 0
54, 8544256, 596, 611, 2362576, 0, 0, 2388256, 0, 0
55, 8544256, 595, 610, 2354128, 0, 0, 2377232, 0, 0
56, 8544256, 599, 614, 2356128, 0, 0, 2380656, 0, 0
57, 8544256, 596, 611, 2351104, 0, 0, 2377264, 0, 0
58, 8544256, 598, 613, 2353728, 0, 0, 2378448, 0, 0
59, 8544256, 599, 614, 2356512, 0, 0, 2380080, 0, 0
60, 8544256, 598, 613, 2353872, 0, 0, 2378400, 0, 0
61, 8544256, 599, 614, 2352128, 0, 0, 2376752, 0, 0
62, 8544256, 599, 614, 2358704, 0, 0, 2382528, 0, 0
63, 8544256, 597, 612, 2351984, 0, 0, 2376656, 0, 0
64, 8544256, 600, 615, 2355952, 0, 0, 2381456, 0, 0
65, 8544256, 598, 613, 2356352, 0, 0, 2379632, 0, 0
66, 8544256, 598, 613, 2351536, 0, 0, 2377728, 0, 0
67, 8544256, 601, 616, 2358096, 0, 0, 2382368, 0, 0
68, 8544256, 598, 614, 2350304, 0, 0, 2374832, 0, 4096
69, 8544256, 597, 612, 2353008, 0, 0, 2377376, 0, 0
70, 8544256, 600, 615, 2351664, 0, 0, 2375984, 0, 0
71, 8544256, 598, 613, 2355488, 0, 0, 2379056, 0, 0
72, 8544256, 597, 612, 2355008, 0, 0, 2379680, 0, 0
73, 8544256, 598, 613, 2353728, 0, 0, 2379712, 0, 0
74, 8544256, 597, 612, 2355808, 0, 0, 2377760, 0, 0
75, 8544256, 598, 613, 2354240, 0, 0, 2380976, 0, 0
76, 8544256, 597, 612, 2353712, 0, 0, 2376688, 0, 0
77, 8544256, 597, 612, 2353824, 0, 0, 2376720, 0, 0
78, 8544256, 597, 612, 2354320, 0, 0, 2378928, 0, 0
79, 8544256, 598, 613, 2354688, 0, 0, 2378912, 0, 0
80, 8544256, 596, 611, 2353856, 0, 0, 2377200, 0, 0
81, 8544256, 601, 616, 2354016, 0, 0, 2379856, 0, 0
82, 8544256, 599, 614, 2356848, 0, 0, 2381072, 0, 0
83, 8544256, 597, 612, 2353920, 0, 0, 2376688, 0, 0
84, 8544256, 598, 613, 2352928, 0, 0, 2377488, 0, 0
85, 8544256, 597, 612, 2355712, 0, 0, 2379456, 0, 0
86, 8544256, 596, 611, 2351296, 0, 0, 2374288, 0, 0
87, 8544256, 598, 613, 2354768, 0, 0, 2378608, 0, 0
88, 8544256, 596, 611, 2357248, 0, 0, 2382608, 0, 0
89, 8544256, 598, 613, 2356704, 0, 0, 2378448, 0, 0
90, 8544256, 594, 609, 2354112, 0, 0, 2376016, 0, 0
91, 8544256, 596, 611, 2352192, 0, 0, 2375184, 0, 0
92, 8544256, 597, 612, 2352912, 0, 0, 2381120, 0, 0
93, 8544256, 597, 612, 2357872, 0, 0, 2381920, 0, 0
94, 8544256, 597, 612, 2353968, 0, 0, 2379744, 0, 0
95, 8544256, 597, 612, 2351952, 0, 0, 2376640, 0, 0
96, 8544256, 596, 611, 2352176, 0, 0, 2375136, 0, 0
97, 8544256, 599, 614, 2351360, 0, 0, 2377088, 0, 0
98, 8544256, 596, 611, 2357968, 0, 0, 2382800, 0, 0
99, 8544256, 599, 614, 2356032, 0, 0, 2378960, 0, 0
100, 8544256, 597, 612, 2356576, 0, 0, 2382384, 0, 0
101, 8544256, 597, 612, 2357776, 0, 0, 2380336, 0, 0
102, 8544256, 597, 612, 2350944, 0, 0, 2375568, 0, 0
103, 8544256, 597, 612, 2354944, 0, 0, 2378400, 0, 0
104, 8544256, 595, 610, 2355408, 0, 0, 2378576, 0, 0
105, 8544256, 597, 613, 2351472, 0, 0, 2376432, 0, 4096
106, 8544256, 595, 610, 2352352, 0, 0, 2376448, 0, 0
107, 8544256, 596, 611, 2354320, 0, 0, 2378656, 0, 0
108, 8544256, 597, 612, 2350800, 0, 0, 2375424, 0, 0
109, 8544256, 599, 614, 2354528, 0, 0, 2378352, 0, 0
110, 8544256, 599, 614, 2359936, 0, 0, 2386000, 0, 0
111, 8544256, 596, 611, 2351840, 0, 0, 2375616, 0, 0
112, 8544256, 597, 612, 2352944, 0, 0, 2377040, 0, 0
113, 8544256, 596, 611, 2352080, 0, 0, 2376048, 0, 0
114, 8544256, 597, 612, 2352480, 0, 0, 2375536, 0, 0
115, 8544256, 595, 610, 2355248, 0, 0, 2377808, 0, 0
116, 8544256, 596, 611, 2351264, 0, 0, 2375792, 0, 0
117, 8544256, 598, 613, 2351440, 0, 0, 2375872, 0, 0
118, 8544256, 596, 611, 2352848, 0, 0, 2377776, 0, 0
119, 8544256, 598, 613, 2356112, 0, 0, 2381104, 0, 0
120, 8544256, 596, 611, 2356400, 0, 0, 2380896, 0, 0
121, 8544256, 596, 611, 2352720, 0, 0, 2374976, 0, 0
122, 8544256, 596, 611, 2353232, 0, 0, 2377424, 0, 0
123, 8544256, 598, 613, 2355536, 0, 0, 2381600, 0, 0
124, 8544256, 598, 613, 2353824, 0, 0, 2378048, 0, 0
125, 8544256, 599, 614, 2353536, 0, 0, 2377008, 0, 0
126, 8544256, 593, 608, 2352160, 0, 0, 2374992, 0, 0
127, 8544256, 599, 614, 2351872, 0, 0, 2377056, 0, 0
128, 8544256, 601, 616, 2362608, 0, 0, 2388016, 0, 0
129, 8544256, 596, 611, 2351264, 0, 0, 2375840, 0, 0
130, 8544256, 597, 612, 2352672, 0, 0, 2373936, 0, 0
131, 8544256, 598, 613, 2350912, 0, 0, 2376288, 0, 0
132, 8544256, 599, 614, 2355024, 0, 0, 2377152, 0, 0
133, 8544256, 598, 613, 2354720, 0, 0, 2381072, 0, 0
134, 8544256, 596, 611, 2351008, 0, 0, 2374496, 0, 0
135, 8544256, 598, 613, 2351424, 0, 0, 2376432, 0, 0
136, 8544256, 596, 611, 2352048, 0, 0, 2375936, 0, 0
137, 8544256, 597, 612, 2357312, 0, 0, 2379760, 0, 0
138, 8544256, 596, 611, 2352336, 0, 0, 2374464, 0, 0
139, 8544256, 595, 610, 2355296, 0, 0, 2379488, 0, 0
140, 8544256, 596, 611, 2353536, 0, 0, 2378960, 0, 0
141, 8544256, 596, 611, 2353424, 0, 0, 2378624, 0, 0
142, 8544256, 596, 611, 2352304, 0, 0, 2376720, 0, 0
143, 8544256, 600, 615, 2353392, 0, 0, 2376928, 0, 0
144, 8544256, 599, 614, 2352576, 0, 0, 2376064, 0, 0
145, 8544256, 596, 611, 2354080, 0, 0, 2377712, 0, 0
146, 8544256, 596, 611, 2351344, 0, 0, 2375936, 0, 0
147, 8544256, 596, 611, 2351296, 0, 0, 2375968, 0, 0
148, 8544256, 601, 616, 2356000, 0, 0, 2380528, 0, 0
149, 8544256, 599, 614, 2353408, 0, 0, 2377856, 0, 0
150, 8544256, 598, 613, 2351424, 0, 0, 2375056, 0, 0
151, 8544256, 598, 613, 2355168, 0, 0, 2378544, 0, 0
152, 8544256, 595, 610, 2354112, 0, 0, 2379936, 0, 0
153, 8544256, 597, 612, 2353632, 0, 0, 2377072, 0, 0
154, 8544256, 598, 613, 2352048, 0, 0, 2378000, 0, 0
155, 8544256, 597, 612, 2356560, 0, 0, 2380432, 0, 0
156, 8544256, 595, 610, 2352128, 0, 0, 2376224, 0, 0
157, 8544256, 597, 612, 2360064, 0, 0, 2383216, 0, 0
158, 8544256, 595, 610, 2350800, 0, 0, 2375424, 0, 0
159, 8544256, 597, 612, 2354848, 0, 0, 2378496, 0, 0
160, 8544256, 598, 613, 2358608, 0, 0, 2384896, 0, 0
161, 8544256, 598, 613, 2350016, 0, 0, 2372448, 0, 0
162, 8544256, 598, 613, 2358928, 0, 0, 2382176, 0, 0
163, 8544256, 596, 611, 2355008, 0, 0, 2379888, 0, 0
164, 8544256, 597, 612, 2351824, 0, 0, 2374512, 0, 0
165, 8544256, 598, 613, 2351552, 0, 0, 2377264, 0, 0
166, 8544256, 598, 613, 2351888, 0, 0, 2374448, 0, 0
167, 8544256, 597, 612, 2362960, 0, 0, 2386688, 0, 0
168, 8544256, 595, 610, 2350832, 0, 0, 2374384, 0, 0
169, 8544256, 596, 611, 2354960, 0, 0, 2378960, 0, 0
170, 8544256, 597, 612, 2354176, 0, 0, 2377888, 0, 0
171, 8544256, 598, 613, 2350432, 0, 0, 2375440, 0, 0
172, 8544256, 599, 614, 2353376, 0, 0, 2377424, 0, 0
173, 8544256, 599, 614, 2351840, 0, 0, 2375776, 0, 0
174, 8544256, 598, 613, 2356464, 0, 0, 2380336, 0, 0
175, 8544256, 596, 611, 2353952, 0, 0, 2377296, 0, 0
176, 8544256, 599, 614, 2351776, 0, 0, 2376304, 0, 0
177, 8544256, 599, 614, 2358928, 0, 0, 2382096, 0, 0
178, 8544256, 597, 612, 2354528, 0, 0, 2380592, 0, 0
179, 8544256, 599, 614, 2353344, 0, 0, 2376864, 0, 0
180, 8544256, 598, 613, 2352544, 0, 0, 2375808, 0, 0
181, 8544256, 597, 612, 2354864, 0, 0, 2378000, 0, 0
182, 8544256, 597, 613, 2357040, 0, 0, 2381344, 0, 4096
183, 8544256, 597, 612, 2350912, 0, 0, 2375216, 0, 0
184, 8544256, 600, 615, 2357072, 0, 0, 2380544, 0, 0
185, 8544256, 599, 614, 2356208, 0, 0, 2379232, 0, 0
186, 8544256, 593, 608, 2352416, 0, 0, 2376320, 0, 0
187, 8544256, 599, 614, 2354592, 0, 0, 2380016, 0, 0
188, 8544256, 594, 609, 2353952, 0, 0, 2377520, 0, 0
189, 8544256, 598, 613, 2352480, 0, 0, 2377232, 0, 0
190, 8544256, 597, 612, 2357200, 0, 0, 2382592, 0, 0
191, 8544256, 594, 609, 2353440, 0, 0, 2375872, 0, 0
192, 8544256, 596, 611, 2352192, 0, 0, 2377408, 0, 0
193, 8544256, 600, 615, 2352304, 0, 0, 2376368, 0, 0
194, 8544256, 597, 612, 2353936, 0, 0, 2377104, 0, 0
195, 8544256, 593, 609, 2352320, 0, 0, 2376608, 0, 4096
196, 8544256, 594, 609, 2354064, 0, 0, 2377136, 0, 0
197, 8544256, 598, 613, 2351968, 0, 0, 2376272, 0, 0
198, 8544256, 599, 614, 2353504, 0, 0, 2377856, 0, 0
199, 8544256, 598, 613, 2353952, 0, 0, 2376656, 0, 0
200, 8544256, 597, 612, 2352768, 0, 0, 2376864, 0, 0
201, 8544256, 598, 613, 2355088, 0, 0, 2379680, 0, 0
202, 8544256, 597, 612, 2355136, 0, 0, 2380336, 0, 0
203, 8544256, 597, 612, 2351264, 0, 0, 2376304, 0, 0
204, 8544256, 599, 614, 2356656, 0, 0, 2381984, 0, 0
205, 8544256, 596, 611, 2357056, 0, 0, 2379600, 0, 0
206, 8544256, 599, 614, 2350944, 0, 0, 2376304, 0, 0
207, 8544256, 596, 611, 2354464, 0, 0, 2378064, 0, 0
208, 8544256, 599, 614, 2357520, 0, 0, 2382432, 0, 0
209, 8544256, 597, 612, 2353856, 0, 0, 2377392, 0, 0
210, 8544256, 597, 612, 2349600, 0, 0, 2375072, 0, 0
211, 8544256, 600, 616, 2355536, 0, 0, 2380496, 0, 4096
212, 8544256, 597, 612, 2352592, 0, 0, 2376368, 0, 0
213, 8544256, 598, 613, 2353984, 0, 0, 2378400, 0, 0
214, 8544256, 598, 613, 2354928, 0, 0, 2379248, 0, 0
215, 8544256, 599, 614, 2356560, 0, 0, 2381632, 0, 0
216, 8544256, 598, 613, 2354592, 0, 0, 2379248, 0, 0
217, 8544256, 596, 611, 2353728, 0, 0, 2377936, 0, 0
218, 8544256, 597, 612, 2352144, 0, 0, 2376832, 0, 0
219, 8544256, 597, 612, 2353472, 0, 0, 2376800, 0, 0
220, 8544256, 599, 614, 2351760, 0, 0, 2376272, 0, 0
221, 8544256, 595, 610, 2352528, 0, 0, 2376448, 0, 0
222, 8544256, 598, 613, 2358752, 0, 0, 2381888, 0, 0
223, 8544256, 596, 611, 2354592, 0, 0, 2380384, 0, 0
224, 8544256, 599, 614, 2352320, 0, 0, 2376880, 0, 0
225, 8544256, 596, 611, 2351920, 0, 0, 2375696, 0, 0
226, 8544256, 596, 611, 2353888, 0, 0, 2376672, 0, 0
227, 8544256, 601, 616, 2356224, 0, 0, 2383152, 0, 0
228, 8544256, 596, 611, 2351120, 0, 0, 2375328, 0, 0
229, 8544256, 598, 613, 2351968, 0, 0, 2376656, 0, 0
230, 8544256, 596, 611, 2351024, 0, 0, 2375632, 0, 0
231, 8544256, 597, 612, 2355984, 0, 0, 2379840, 0, 0
232, 8544256, 596, 611, 2351024, 0, 0, 2376736, 0, 0
233, 8544256, 599, 614, 2353680, 0, 0, 2376432, 0, 0
234, 8544256, 598, 613, 2354272, 0, 0, 2378224, 0, 0
235, 8544256, 599, 614, 2353408, 0, 0, 2376336, 0, 0
236, 8544256, 600, 615, 2354016, 0, 0, 2379360, 0, 0
237, 8544256, 597, 612, 2355840, 0, 0, 2379728, 0, 0
238, 8544256, 597, 612, 2352704, 0, 0, 2377856, 0, 0
239, 8544256, 598, 613, 2352624, 0, 0, 2375280, 0, 0
240, 8544256, 596, 611, 2350528, 0, 0, 2375248, 0, 0
241, 8544256, 597, 612, 2353184, 0, 0, 2375104, 0, 0
242, 8544256, 596, 611, 2353760, 0, 0, 2377216, 0, 0
243, 8544256, 595, 610, 2353312, 0, 0, 2375872, 0, 0
244, 8544256, 597, 612, 2351184, 0, 0, 2373552, 0, 0
245, 8544256, 598, 613, 2355408, 0, 0, 2382016, 0, 0
246, 8544256, 599, 614, 2352208, 0, 0, 2374656, 0, 0
247, 8544256, 597, 612, 2356256, 0, 0, 2381472, 0, 0
248, 8544256, 597, 612, 2354464, 0, 0, 2377840, 0, 0
249, 8544256, 598, 614, 2351408, 0, 0, 2376320, 0, 4096
250, 8544256, 598, 614, 2352976, 0, 0, 2374768, 0, 3936
251, 8544256, 597, 612, 2352928, 0, 0, 2376576, 0, 0
252, 8544256, 597, 612, 2355360, 0, 0, 2379536, 0, 0
253, 8544256, 597, 612, 2352688, 0, 0, 2377120, 0, 0
254, 8544256, 596, 612, 2350944, 0, 0, 2373280, 0, 4000
255, 8544256, 596, 611, 2356384, 0, 0, 2380112, 0, 0
256, 8544256, 597, 612, 2357952, 0, 0, 2381296, 0, 0
257, 8544256, 597, 612, 2351312, 0, 0, 2376384, 0, 0
258, 8544256, 596, 612, 2353136, 0, 0, 2377376, 0, 3696
259, 8544256, 599, 614, 2351808, 0, 0, 2375440, 0, 0
260, 8544256, 599, 614, 2353280, 0, 0, 2377504, 0, 0
261, 8544256, 599, 614, 2354064, 0, 0, 2378144, 0, 0
262, 8544256, 599, 614, 2361584, 0, 0, 2384672, 0, 0
263, 8544256, 596, 611, 2354112, 0, 0, 2378800, 0, 0
264, 8544256, 596, 611, 2351040, 0, 0, 2376864, 0, 0
265, 8544256, 596, 611, 2355424, 0, 0, 2378016, 0, 0
266, 8544256, 597, 612, 2355184, 0, 0, 2378720, 0, 0
267, 8544256, 598, 613, 2350752, 0, 0, 2376432, 0, 0
268, 8544256, 599, 614, 2356320, 0, 0, 2380848, 0, 0
269, 8544256, 596, 611, 2353824, 0, 0, 2376304, 0, 0
270, 8544256, 601, 616, 2353648, 0, 0, 2380848, 0, 0
271, 8544256, 599, 614, 2358096, 0, 0, 2382256, 0, 0
272, 8544256, 598, 613, 2351216, 0, 0, 2375776, 0, 0
273, 8544256, 598, 613, 2356736, 0, 0, 2379504, 0, 0
274, 8544256, 599, 614, 2354112, 0, 0, 2378144, 0, 0
275, 8544256, 598, 613, 2352960, 0, 0, 2376768, 0, 0
276, 8544256, 600, 615, 2357424, 0, 0, 2382688, 0, 0
277, 8544256, 597, 612, 2349984, 0, 0, 2375904, 0, 0
278, 8544256, 597, 612, 2353296, 0, 0, 2377072, 0, 0
279, 8544256, 598, 613, 2357440, 0, 0, 2381808, 0, 0
280, 8544256, 598, 613, 2353216, 0, 0, 2375968, 0, 0
281, 8544256, 600, 615, 2358032, 0, 0, 2384656, 0, 0
282, 8544256, 598, 613, 2356096, 0, 0, 2379440, 0, 0
1, 1847296, 9, 38, 7360, 0, 0, 3376, 0, 4096
2, 5967872, 53, 81, 184832, 0, 0, 154464, 0, 23264
3, 14352384, 456, 484, 6630560, 0, 1, 5002288, 1, 25440
4, 21233664, 2216, 2252, 10542080, 0, 1, 10558896, 1, 1649232
5, 31428608, 112, 172, 9880864, 0, 2, 6748912, 2, 61328
6, 31428608, 2429, 2464, 15763184, 0, 2, 15777424, 2, 3142800
7, 46407680, 4747, 4788, 27608944, 0, 3, 27675584, 2, 9776
8, 46407680, 3827, 3868, 28525248, 0, 2, 28565616, 2, 5968
9, 46407680, 3702, 3742, 27706896, 0, 3, 27751632, 2, 4096
10, 46407680, 1851, 1896, 16873312, 0, 4, 7258400, 4, 20032
11, 79962112, 7219, 7267, 46906464, 0, 6, 41663936, 4, 9653280
12, 79962112, 7838, 7879, 30985792, 0, 4, 31111744, 4, 5616
13, 79962112, 891, 938, 27139792, 0, 5, 20641840, 5, 5345600
14, 79962112, 7240, 7283, 42647648, 0, 5, 42731328, 4, 6520928
15, 79962112, 7606, 7677, 31731424, 0, 12, 30794656, 4, 1038832
16, 79962112, 6856, 6928, 27129616, 0, 5, 26815952, 4, 406912
17, 79962112, 7129, 7198, 27569200, 0, 5, 27231424, 4, 431872
18, 79962112, 7018, 7089, 27951248, 0, 5, 28024512, 4, 30912
19, 79962112, 6462, 6532, 23579888, 0, 5, 23673504, 4, 10064
20, 79962112, 6521, 6590, 24750512, 0, 4, 24859808, 4, 16416
21, 79962112, 6326, 6400, 22390528, 0, 4, 22473392, 4, 20976
22, 79962112, 6516, 6588, 23681376, 0, 5, 23424976, 4, 356992
23, 79962112, 8034, 8104, 34243312, 0, 5, 33788208, 4, 542224
24, 79962112, 7020, 7096, 28527808, 0, 5, 28153536, 4, 470416
25, 79962112, 7106, 7182, 27754384, 0, 5, 27816320, 4, 24496
26, 79962112, 6730, 6809, 27536416, 0, 5, 27244912, 4, 429328
27, 79962112, 6581, 6657, 24346704, 0, 5, 24422656, 4, 21200
28, 79962112, 6642, 6722, 23382480, 0, 5, 23437776, 4, 27072
29, 79962112, 6851, 6927, 25807776, 0, 5, 25500400, 4, 405696
30, 79962112, 6572, 6650, 24447504, 0, 5, 24521776, 4, 17296
31, 79962112, 6637, 6716, 25627760, 0, 5, 25401168, 4, 357168
32, 79962112, 6892, 6968, 26531024, 0, 5, 26275760, 4, 382000
33, 79962112, 6768, 6844, 25730480, 0, 5, 25501104, 4, 324576
34, 79962112, 6609, 6686, 24853600, 0, 5, 24580368, 4, 385920
35, 79962112, 6891, 6968, 26784512, 0, 5, 26591168, 4, 329584
36, 79962112, 6926, 7002, 27757344, 0, 5, 27449072, 4, 411712
37, 79962112, 7059, 7138, 27296656, 0, 5, 27351952, 4, 34304
38, 79962112, 6605, 6679, 24385712, 0, 5, 24477680, 4, 17008
39, 79962112, 6962, 7038, 28900432, 0, 5, 28704896, 4, 309376
40, 79962112, 7028, 7107, 27193024, 0, 5, 27231616, 4, 52640
41, 79962112, 6570, 6645, 24513248, 0, 5, 24599696, 4, 16992
42, 79962112, 6615, 6695, 25039520, 0, 5, 24791200, 4, 345536
43, 79962112, 6387, 6471, 35430304, 0, 6, 27127360, 6, 552944
44, 96739328, 10009, 10090, 54614672, 0, 7, 54378240, 5, 8227792
45, 96739328, 9372, 9450, 34849040, 0, 5, 34573376, 4, 434432
46, 96739328, 9784, 9858, 37860896, 0, 5, 37981456, 5, 11728
47, 96739328, 10007, 10087, 40052480, 0, 5, 39631296, 4, 538752
48, 96739328, 11366, 11444, 52301664, 0, 6, 51784032, 4, 661616
49, 96739328, 9686, 9763, 37538640, 0, 5, 37692368, 4, 28400
50, 96739328, 9227, 9307, 34513072, 0, 5, 34632176, 4, 26352
51, 96739328, 9364, 9442, 35242736, 0, 5, 35365488, 4, 26672
52, 96739328, 8717, 8794, 34012416, 0, 5, 34284736, 4, 18720
53, 96739328, 10585, 10662, 47685984, 0, 6, 47316864, 4, 567296
54, 96739328, 9264, 9341, 37240112, 0, 5, 37456496, 4, 15632
55, 96739328, 10146, 10224, 40547648, 0, 5, 40515552, 4, 196960
56, 96739328, 9953, 10037, 39665968, 0, 5, 39355360, 4, 453072
57, 96739328, 10606, 10692, 40638416, 0, 5, 40280784, 4, 471008
58, 96739328, 9808, 9889, 37276128, 0, 5, 37384144, 4, 35328
59, 96739328, 9843, 9921, 38353840, 0, 5, 38084624, 5, 402560
60, 96739328, 10080, 10156, 39696384, 0, 5, 39856192, 4, 17600
61, 96739328, 9957, 10035, 39210880, 0, 5, 38899216, 4, 496256
62, 96739328, 9739, 9820, 37429920, 0, 5, 37135984, 4, 435328
63, 96739328, 9339, 9418, 35740400, 0, 5, 35891488, 4, 25136
64, 96739328, 9155, 9233, 34154224, 0, 5, 34314688, 4, 30688
65, 96739328, 9491, 9569, 36745936, 0, 5, 36908736, 4, 14048
66, 96739328, 9454, 9535, 35912384, 0, 5, 36057648, 4, 25264
67, 96739328, 9634, 9715, 37225472, 0, 5, 37357680, 4, 35344
68, 96739328, 9585, 9663, 37288960, 0, 5, 37448640, 4, 15968
1, 950272, 13, 34, 35040, 0, 0, 6144, 0, 0
2, 2605056, 29, 57, 1070048, 0, 0, 50496, 0, 689040
3, 3887104, 22, 47, 1279072, 0, 0, 846560, 0, 423360
4, 5816320, 292, 311, 2582752, 0, 0, 1926880, 0, 442368
5, 8544256, 458, 475, 5263600, 0, 0, 5280512, 0, 671744
6, 8544256, 523, 537, 2048608, 0, 0, 2070192, 0, 0
7, 8544256, 519, 533, 2047392, 0, 0, 2066880, 0, 0
8, 8544256, 520, 534, 2043424, 0, 0, 2064832, 0, 0
9, 8544256, 462, 476, 4260848, 0, 0, 4276592, 0, 0
10, 8544256, 547, 561, 2148896, 0, 0, 2170576, 0, 0
11, 8544256, 546, 560, 2147824, 0, 0, 2171280, 0, 0
12, 8544256, 547, 561, 2154672, 0, 0, 2176000, 0, 0
13, 8544256, 545, 559, 2146304, 0, 0, 2169312, 0, 0
14, 8544256, 546, 560, 2144720, 0, 0, 2165728, 0, 0
15, 8544256, 547, 561, 2143824, 0, 0, 2166384, 0, 0
16, 8544256, 547, 561, 2150384, 0, 0, 2170976, 0, 0
17, 8544256, 547, 561, 2151024, 0, 0, 2173616, 0, 0
18, 8544256, 547, 561, 2148384, 0, 0, 2171568, 0, 0
19, 8544256, 547, 561, 2145424, 0, 0, 2167840, 0, 0
20, 8544256, 548, 562, 2147504, 0, 0, 2169328, 0, 0
21, 8544256, 546, 560, 2147344, 0, 0, 2171328, 0, 0
22, 8544256, 545, 559, 2149632, 0, 0, 2172000, 0, 0
23, 8544256, 546, 560, 2145824, 0, 0, 2168192, 0, 0
24, 8544256, 544, 558, 2147504, 0, 0, 2167824, 0, 0
25, 8544256, 547, 561, 2149472, 0, 0, 2173008, 0, 0
26, 8544256, 548, 562, 2148672, 0, 0, 2168688, 0, 0
27, 8544256, 544, 558, 2146128, 0, 0, 2169184, 0, 0
28, 8544256, 547, 561, 2152944, 0, 0, 2174352, 0, 0
29, 8544256, 547, 561, 2150272, 0, 0, 2170096, 0, 0
30, 8544256, 547, 561, 2148416, 0, 0, 2172736, 0, 0
31, 8544256, 547, 561, 2148240, 0, 0, 2169680, 0, 0
32, 8544256, 548, 562, 2149792, 0, 0, 2171824, 0, 0
33, 8544256, 547, 561, 2151904, 0, 0, 2173936, 0, 0
34, 8544256, 546, 560, 2144912, 0, 0, 2167840, 0, 0
35, 8544256, 458, 472, 4334816, 0, 0, 4354160, 0, 0
36, 8544256, 598, 612, 2353936, 0, 0, 2378736, 0, 0
37, 8544256, 594, 608, 2350416, 0, 0, 2372960, 0, 0
38, 8544256, 602, 616, 2365072, 0, 0, 2390288, 0, 0
39, 8544256, 597, 611, 2351264, 0, 0, 2373968, 0, 0
40, 8544256, 598, 612, 2355856, 0, 0, 2381520, 0, 0
41, 8544256, 597, 611, 2355584, 0, 0, 2379792, 0, 0
42, 8544256, 596, 610, 2351280, 0, 0, 2374288, 0, 0
43, 8544256, 597, 611, 2353632, 0, 0, 2379712, 0, 0
44, 8544256, 597, 611, 2351152, 0, 0, 2374448, 0, 0
45, 8544256, 599, 613, 2352416, 0, 0, 2378256, 0, 0
46, 8544256, 596, 610, 2356288, 0, 0, 2379168, 0, 0
47, 8544256, 597, 611, 2353952, 0, 0, 2379184, 0, 0
48, 8544256, 598, 612, 2353424, 0, 0, 2378560, 0, 0
49, 8544256, 595, 609, 2351472, 0, 0, 2371680, 0, 0
50, 8544256, 597, 611, 2354960, 0, 0, 2382496, 0, 0
51, 8544256, 595, 609, 2355648, 0, 0, 2378544, 0, 0
52, 8544256, 597, 611, 2354016, 0, 0, 2378448, 0, 0
53, 8544256, 597, 611, 2351744, 0, 0, 2375280, 0, 0
54, 8544256, 597, 611, 2353216, 0, 0, 2378528, 0, 0
55, 8544256, 599, 613, 2357248, 0, 0, 2383088, 0, 0
56, 8544256, 598, 612, 2352192, 0, 0, 2375216, 0, 0
57, 8544256, 598, 612, 2351296, 0, 0, 2374976, 0, 0
58, 8544256, 598, 612, 2352064, 0, 0, 2378128, 0, 0
59, 8544256, 599, 613, 2354160, 0, 0, 2377632, 0, 0
60, 8544256, 597, 611, 2352896, 0, 0, 2379536, 0, 0
61, 8544256, 595, 609, 2351040, 0, 0, 2374464, 0, 0
62, 8544256, 598, 612, 2354960, 0, 0, 2377760, 0, 0
63, 8544256, 598, 612, 2353104, 0, 0, 2378352, 0, 0
64, 8544256, 598, 612, 2353632, 0, 0, 2378816, 0, 0
65, 8544256, 599, 613, 2350784, 0, 0, 2375792, 2, 0
66, 8544256, 597, 611, 2354240, 0, 0, 2378208, 0, 0
67, 8544256, 599, 613, 2350864, 0, 0, 2376064, 0, 0
68, 8544256, 595, 609, 2353840, 0, 0, 2378176, 0, 0
69, 8544256, 597, 611, 2352928, 0, 0, 2375280, 0, 0
70, 8544256, 599, 613, 2351312, 0, 0, 2376528, 0, 0
71, 8544256, 595, 609, 2351760, 0, 0, 2376768, 0, 0
72, 8544256, 597, 611, 2351376, 0, 0, 2375056, 0, 0
73, 8544256, 599, 613, 2353152, 0, 0, 2378768, 0, 0
74, 8544256, 597, 611, 2352720, 0, 0, 2377504, 0, 0
75, 8544256, 598, 612, 2352112, 0, 0, 2375456, 0, 0
76, 8544256, 598, 612, 2351792, 0, 0, 2375120, 0, 0
77, 8544256, 596, 610, 2354080, 0, 0, 2377936, 0, 0
78, 8544256, 597, 611, 2353040, 0, 0, 2377824, 0, 0
79, 8544256, 597, 611, 2357872, 0, 0, 2381680, 0, 0
80, 8544256, 597, 611, 2352400, 0, 0, 2376256, 0, 0
81, 8544256, 597, 611, 2353280, 0, 0, 2377248, 0, 0
82, 8544256, 598, 612, 2351888, 0, 0, 2375360, 0, 0
83, 8544256, 595, 609, 2353008, 0, 0, 2376896, 0, 0
84, 8544256, 596, 610, 2349632, 0, 0, 2375088, 0, 0
85, 8544256, 597, 611, 2351280, 0, 0, 2374048, 0, 0
86, 8544256, 597, 611, 2350384, 0, 0, 2375840, 0, 0
87, 8544256, 596, 610, 2352176, 0, 0, 2374176, 0, 0
88, 8544256, 597, 611, 2354880, 0, 0, 2380400, 0, 0
89, 8544256, 597, 611, 2351120, 0, 0, 2373040, 0, 0
90, 8544256, 599, 613, 2357424, 0, 0, 2380288, 0, 0
91, 8544256, 597, 611, 2351904, 0, 0, 2375952, 0, 0
92, 8544256, 599, 613, 2351040, 0, 0, 2377664, 0, 0
93, 8544256, 598, 612, 2357696, 0, 0, 2382208, 0, 0
94, 8544256, 598, 612, 2351664, 0, 0, 2376336, 0, 0
95, 8544256, 600, 614, 2353472, 0, 0, 2379344, 0, 0
96, 8544256, 600, 614, 2352464, 0, 0, 2374592, 0, 0
97, 8544256, 598, 612, 2351584, 0, 0, 2377328, 0, 0
98, 8544256, 598, 612, 2351840, 0, 0, 2377088, 0, 0
99, 8544256, 597, 611, 2353600, 0, 0, 2378096, 0, 0
100, 8544256, 596, 610, 2351040, 0, 0, 2375184, 0, 0
101, 8544256, 596, 610, 2352384, 0, 0, 2376448, 0, 0
102, 8544256, 596, 610, 2355440, 0, 0, 2379024, 0, 0
103, 8544256, 598, 612, 2354928, 0, 0, 2378112, 0, 0
104, 8544256, 598, 612, 2351280, 0, 0, 2375456, 0, 0
105, 8544256, 600, 614, 2354688, 0, 2, 2379408, 2, 0
106, 8544256, 599, 613, 2353072, 0, 0, 2376768, 0, 0
107, 8544256, 599, 613, 2353120, 0, 0, 2378000, 0, 0
108, 8544256, 600, 614, 2353200, 0, 0, 2377712, 0, 0
109, 8544256, 597, 611, 2351392, 0, 0, 2377696, 0, 0
110, 8544256, 598, 612, 2349904, 0, 0, 2373808, 0, 0
111, 8544256, 600, 614, 2357888, 0, 0, 2382016, 0, 0
112, 8544256, 597, 611, 2353088, 0, 0, 2378672, 0, 0
113, 8544256, 597, 611, 2349360, 0, 0, 2372208, 0, 0
114, 8544256, 595, 609, 2357296, 0, 0, 2380544, 0, 0
115, 8544256, 598, 612, 2351072, 0, 0, 2375664, 0, 0
116, 8544256, 597, 611, 2351456, 0, 0, 2375600, 0, 0
117, 8544256, 598, 612, 2355504, 0, 0, 2379072, 0, 0
118, 8544256, 600, 614, 2354528, 0, 0, 2379520, 0, 0
119, 8544256, 596, 610, 2353552, 0, 0, 2378256, 0, 0
120, 8544256, 596, 610, 2355344, 0, 0, 2377760, 0, 0
121, 8544256, 598, 612, 2352128, 0, 0, 2376480, 0, 0
122, 8544256, 597, 611, 2350688, 0, 0, 2375408, 0, 0
123, 8544256, 599, 613, 2352144, 0, 0, 2376496, 0, 0
124, 8544256, 599, 613, 2354352, 0, 0, 2379888, 0, 0
125, 8544256, 597, 611, 2356144, 0, 0, 2380224, 0, 0
126, 8544256, 598, 612, 2351296, 0, 0, 2374048, 0, 0
127, 8544256, 597, 611, 2350640, 0, 0, 2375968, 0, 0
128, 8544256, 600, 614, 2353856, 0, 0, 2377232, 0, 0
129, 8544256, 600, 614, 2357440, 0, 0, 2381504, 0, 0
130, 8544256, 598, 612, 2355424, 0, 0, 2380208, 0, 0
131, 8544256, 594, 608, 2352528, 0, 0, 2374048, 0, 0
132, 8544256, 596, 610, 2353232, 0, 0, 2378816, 0, 0
133, 8544256, 594, 609, 2349872, 0, 0, 2373248, 0, 3696
134, 8544256, 598, 612, 2354160, 0, 0, 2377424, 0, 0
135, 8544256, 597, 611, 2350672, 0, 0, 2376656, 0, 0
136, 8544256, 595, 609, 2354368, 0, 0, 2377152, 0, 0
137, 8544256, 594, 608, 2352432, 0, 0, 2376992, 0, 0
138, 8544256, 597, 611, 2350496, 0, 0, 2373568, 0, 0
139, 8544256, 596, 610, 2352544, 0, 0, 2377072, 0, 0
140, 8544256, 597, 611, 2352144, 0, 0, 2376976, 0, 0
141, 8544256, 596, 610, 2351776, 0, 0, 2375840, 0, 0
142, 8544256, 598, 612, 2352976, 0, 0, 2378064, 0, 0
143, 8544256, 596, 610, 2351824, 0, 0, 2373232, 0, 0
144, 8544256, 596, 610, 2353408, 0, 0, 2378496, 0, 0
145, 8544256, 594, 608, 2352256, 0, 0, 2375536, 0, 0
146, 8544256, 598, 612, 2353024, 0, 0, 2377504, 0, 0
147, 8544256, 596, 610, 2354944, 0, 0, 2379328, 0, 0
148, 8544256, 598, 612, 2352144, 0, 0, 2377632, 0, 0
149, 8544256, 596, 610, 2352192, 0, 0, 2376000, 0, 0
150, 8544256, 596, 610, 2358656, 0, 0, 2382976, 2, 0
151, 8544256, 597, 611, 2357680, 0, 0, 2380592, 0, 0
152, 8544256, 595, 609, 2352048, 0, 0, 2376208, 0, 0
153, 8544256, 599, 613, 2351312, 0, 0, 2376640, 0, 0
154, 8544256, 596, 610, 2358432, 0, 0, 2382976, 0, 0
155, 8544256, 599, 613, 2358320, 0, 2, 2382688, 2, 0
156, 8544256, 598, 612, 2350944, 0, 0, 2373632, 0, 0
157, 8544256, 599, 613, 2352016, 0, 0, 2377520, 0, 0
158, 8544256, 599, 613, 2352976, 0, 0, 2377248, 0, 0
159, 8544256, 598, 612, 2351296, 0, 0, 2376288, 0, 0
160, 8544256, 600, 614, 2353264, 0, 0, 2378560, 0, 0
161, 8544256, 599, 613, 2350688, 0, 0, 2374016, 0, 0
162, 8544256, 596, 610, 2350976, 0, 0, 2375008, 0, 0
163, 8544256, 599, 613, 2351984, 0, 0, 2375040, 0, 0
164, 8544256, 598, 612, 2354416, 0, 0, 2380112, 0, 0
165, 8544256, 598, 612, 2353456, 0, 0, 2376944, 0, 0
166, 8544256, 595, 609, 2351792, 0, 0, 2373616, 0, 0
167, 8544256, 597, 611, 2352160, 0, 0, 2377568, 0, 0
168, 8544256, 595, 609, 2349408, 0, 0, 2371936, 0, 0
169, 8544256, 596, 610, 2354080, 0, 0, 2377376, 0, 0
170, 8544256, 599, 613, 2353136, 0, 0, 2379776, 0, 0
171, 8544256, 596, 610, 2352304, 0, 0, 2375248, 0, 0
172, 8544256, 598, 612, 2351616, 0, 0, 2376400, 0, 0
173, 8544256, 598, 612, 2350688, 0, 0, 2371552, 0, 0
174, 8544256, 598, 612, 2352048, 0, 0, 2378096, 0, 0
175, 8544256, 598, 612, 2359872, 0, 0, 2383488, 0, 0
176, 8544256, 599, 613, 2350816, 0, 0, 2374352, 0, 0
177, 8544256, 596, 610, 2350864, 0, 0, 2375792, 0, 0
178, 8544256, 596, 610, 2354464, 0, 0, 2378976, 0, 0
179, 8544256, 599, 613, 2357296, 0, 0, 2380176, 0, 0
180, 8544256, 597, 611, 2351408, 0, 0, 2375536, 0, 0
181, 8544256, 598, 612, 2354976, 0, 0, 2378432, 0, 0
182, 8544256, 597, 611, 2356192, 0, 0, 2380096, 0, 0
183, 8544256, 596, 610, 2352272, 0, 0, 2375952, 0, 0
184, 8544256, 598, 612, 2355232, 0, 0, 2379520, 0, 0
185, 8544256, 595, 609, 2352400, 0, 0, 2375552, 0, 0
186, 8544256, 597, 611, 2351776, 0, 0, 2373808, 0, 0
187, 8544256, 599, 613, 2352720, 0, 0, 2378640, 0, 0
188, 8544256, 594, 608, 2354976, 0, 0, 2378976, 0, 0
189, 8544256, 599, 613, 2352624, 0, 0, 2377680, 0, 0
190, 8544256, 598, 612, 2351968, 0, 0, 2376768, 0, 0
191, 8544256, 598, 612, 2350432, 0, 0, 2375936, 0, 0
192, 8544256, 598, 612, 2356864, 0, 0, 2380608, 0, 0
193, 8544256, 597, 611, 2353104, 0, 0, 2377184, 0, 0
194, 8544256, 595, 609, 2351024, 0, 0, 2372000, 0, 0
195, 8544256, 596, 610, 2352848, 0, 0, 2376912, 0, 0
196, 8544256, 600, 614, 2352128, 0, 0, 2378640, 0, 0
197, 8544256, 597, 611, 2352624, 0, 0, 2376528, 0, 0
198, 8544256, 598, 612, 2356096, 0, 0, 2380736, 0, 0
199, 8544256, 598, 612, 2355840, 0, 0, 2378064, 0, 0
200, 8544256, 596, 610, 2354816, 0, 0, 2378560, 0, 0
201, 8544256, 599, 613, 2354464, 0, 0, 2380576, 0, 0
202, 8544256, 598, 612, 2354512, 0, 0, 2378240, 0, 0
203, 8544256, 598, 612, 2356576, 0, 0, 2381808, 0, 0
204, 8544256, 599, 613, 2353344, 0, 0, 2378496, 0, 0
205, 8544256, 596, 610, 2351808, 0, 0, 2374128, 0, 0
206, 8544256, 596, 610, 2351824, 0, 0, 2376272, 0, 0
207, 8544256, 597, 611, 2354288, 0, 0, 2378832, 0, 0
208, 8544256, 597, 611, 2353888, 0, 0, 2378560, 0, 0
209, 8544256, 596, 610, 2352736, 0, 0, 2377888, 0, 0
210, 8544256, 597, 611, 2352480, 0, 0, 2377392, 0, 0
211, 8544256, 597, 611, 2354784, 0, 0, 2379200, 0, 0
212, 8544256, 597, 611, 2352992, 0, 0, 2375776, 0, 0
213, 8544256, 594, 608, 2355392, 0, 0, 2380000, 0, 0
214, 8544256, 598, 612, 2351984, 0, 0, 2376672, 0, 0
215, 8544256, 599, 613, 2357296, 0, 0, 2381888, 0, 0
216, 8544256, 600, 614, 2351344, 0, 0, 2375680, 0, 0
217, 8544256, 598, 612, 2356144, 0, 0, 2381536, 0, 0
218, 8544256, 598, 612, 2351296, 0, 0, 2376080, 0, 0
219, 8544256, 599, 613, 2356000, 0, 0, 2380592, 0, 0
220, 8544256, 597, 611, 2353792, 0, 0, 2378000, 0, 0
221, 8544256, 597, 612, 2350272, 0, 0, 2373664, 0, 3696
222, 8544256, 599, 613, 2352576, 0, 0, 2376480, 0, 0
223, 8544256, 599, 613, 2355424, 0, 0, 2378464, 0, 0
224, 8544256, 599, 613, 2355872, 0, 0, 2380944, 0, 1024
225, 8544256, 599, 613, 2355440, 0, 0, 2380128, 0, 512
226, 8544256, 600, 614, 2357264, 0, 0, 2381984, 0, 0
227, 8544256, 595, 609, 2351472, 0, 0, 2376176, 0, 0
228, 8544256, 596, 610, 2350928, 0, 0, 2375360, 0, 0
229, 8544256, 598, 612, 2354384, 0, 0, 2377104, 0, 0
230, 8544256, 596, 610, 2350976, 0, 0, 2376640, 0, 0
231, 8544256, 597, 611, 2351936, 0, 0, 2376736, 0, 0
232, 8544256, 599, 613, 2352560, 0, 0, 2376784, 0, 0
233, 8544256, 599, 613, 2352496, 0, 1, 2376160, 1, 0
234, 8544256, 595, 609, 2353632, 0, 0, 2377696, 0, 0
235, 8544256, 597, 611, 2350848, 0, 0, 2374992, 0, 0
236, 8544256, 596, 610, 2353296, 0, 0, 2377312, 0, 0
237, 8544256, 598, 612, 2353568, 0, 0, 2376256, 0, 0
238, 8544256, 599, 613, 2353568, 0, 0, 2378912, 0, 0
239, 8544256, 598, 612, 2352208, 0, 0, 2375600, 0, 0
240, 8544256, 596, 610, 2352240, 0, 0, 2375488, 0, 0
241, 8544256, 597, 611, 2352608, 0, 0, 2375392, 0, 0
242, 8544256, 597, 611, 2352288, 0, 0, 2375072, 0, 0
243, 8544256, 598, 612, 2355088, 0, 0, 2377776, 0, 0
244, 8544256, 598, 612, 2354576, 0, 0, 2378160, 0, 0
245, 8544256, 596, 610, 2350832, 0, 0, 2376208, 0, 0
246, 8544256, 594, 608, 2355712, 0, 0, 2379776, 0, 0
247, 8544256, 599, 613, 2353120, 0, 0, 2377264, 0, 0
248, 8544256, 597, 611, 2350624, 0, 0, 2374480, 0, 0
249, 8544256, 598, 612, 2352512, 0, 0, 2376272, 0, 0
250, 8544256, 599, 613, 2351408, 0, 0, 2374816, 0, 0
251, 8544256, 598, 612, 2356464, 0, 0, 2379152, 0, 0
252, 8544256, 593, 607, 2351104, 0, 0, 2373568, 0, 0
253, 8544256, 595, 609, 2352304, 0, 0, 2376752, 0, 0
254, 8544256, 598, 612, 2354528, 0, 0, 2377792, 0, 0
255, 8544256, 598, 612, 2351712, 0, 0, 2377152, 0, 0
256, 8544256, 594, 608, 2351088, 0, 0, 2373584, 0, 0
257, 8544256, 600, 614, 2355200, 0, 0, 2379056, 0, 0
258, 8544256, 596, 610, 2354944, 0, 0, 2380432, 0, 0
259, 8544256, 596, 610, 2351120, 0, 0, 2374176, 0, 0
260, 8544256, 598, 612, 2356640, 0, 0, 2380464, 0, 0
261, 8544256, 595, 609, 2352032, 0, 0, 2375520, 0, 0
262, 8544256, 598, 612, 2350048, 0, 0, 2374448, 0, 0
263, 8544256, 595, 609, 2355216, 0, 0, 2379168, 0, 0
264, 8544256, 596, 610, 2353472, 0, 0, 2377488, 0, 0
265, 8544256, 597, 611, 2352464, 0, 0, 2375856, 0, 0
266, 8544256, 596, 610, 2350496, 0, 0, 2375552, 0, 0
267, 8544256, 599, 613, 2354352, 0, 0, 2377872, 0, 0
268, 8544256, 599, 613, 2355456, 0, 0, 2379680, 0, 0
269, 8544256, 599, 613, 2353824, 0, 0, 2377488, 0, 0
270, 8544256, 598, 612, 2352560, 0, 0, 2377568, 0, 0
271, 8544256, 598, 612, 2350224, 0, 0, 2375712, 0, 0
272, 8544256, 598, 612, 2356928, 0, 0, 2381200, 0, 0
273, 8544256, 597, 611, 2356416, 0, 0, 2379248, 0, 0
274, 8544256, 597, 611, 2357536, 0, 0, 2382480, 0, 0
275, 8544256, 596, 610, 2349680, 0, 0, 2375184, 0, 0
276, 8544256, 596, 610, 2351296, 0, 0, 2374944, 0, 0
277, 8544256, 597, 611, 2352224, 0, 0, 2376832, 0, 0
278, 8544256, 598, 612, 2349984, 0, 0, 2373152, 0, 0
279, 8544256, 597, 611, 2355056, 0, 0, 2381120, 0, 0
280, 8544256, 597, 611, 2352704, 0, 0, 2376944, 0, 0
281, 8544256, 599, 613, 2360400, 0, 0, 2383296, 0, 0
282, 8544256, 597, 611, 2353200, 0, 0, 2376816, 0, 0
