1, 2486272, 2, 14, 11168, 0, 0, 10592, 0, 0
2, 6557696, 0, 610, 0, 0, 2, 0, 3, 23648
3, 17420288, 523, 1742, 2137184, 0, 5, 2137184, 7, 23648
4, 40235008, 227, 1727, 9437392, 0, 9, 2795024, 12, 60592
5, 70684672, 2745, 4333, 13809856, 0, 12, 13804304, 12, 6669072
6, 104239104, 8720, 10289, 34019600, 0, 11, 34020416, 12, 51712
7, 104239104, 8700, 10270, 33926704, 0, 11, 33335408, 13, 52944
8, 104239104, 8507, 10074, 33773056, 0, 11, 33773968, 13, 641328
9, 104239104, 8447, 10016, 32976864, 0, 11, 32979408, 13, 49424
10, 104239104, 8458, 10027, 33611328, 0, 11, 33607776, 13, 51472
11, 104239104, 8541, 10112, 33301936, 0, 11, 33302384, 12, 57376
12, 104239104, 8428, 9999, 34646768, 0, 11, 34059392, 13, 53520
13, 104239104, 8232, 9803, 32874944, 0, 11, 32870768, 13, 637216
14, 104239104, 8322, 9893, 32580496, 0, 11, 32580784, 13, 57632
15, 104239104, 8214, 9785, 32828096, 0, 11, 32832144, 12, 53520
16, 104239104, 8256, 9825, 34116384, 0, 11, 34120448, 13, 49408
17, 104239104, 8375, 9943, 34490864, 0, 11, 33901440, 13, 49408
18, 104239104, 8282, 9851, 31880608, 0, 11, 31888512, 13, 48608
19, 104239104, 8361, 9927, 31551264, 0, 11, 31555712, 13, 48016
20, 104239104, 8345, 9916, 32066192, 0, 11, 32070656, 13, 48016
21, 104239104, 8382, 9955, 32199936, 0, 17, 32208192, 13, 55952
22, 104239104, 8424, 9994, 34059136, 0, 11, 34063648, 12, 45312
23, 104239104, 8377, 9946, 32759360, 0, 11, 32759696, 13, 45312
24, 104239104, 8478, 10050, 33085328, 0, 11, 33090144, 12, 55824
25, 104239104, 8485, 10055, 33670832, 0, 11, 33675312, 13, 49152
26, 104239104, 8370, 9939, 33873904, 0, 11, 33878352, 13, 45312
27, 104239104, 8249, 9820, 32342304, 0, 11, 32340240, 13, 51712
28, 104239104, 8389, 9961, 32770320, 0, 11, 32774528, 13, 55008
29, 104239104, 8415, 9985, 33436160, 0, 11, 33437568, 13, 49424
30, 104239104, 8379, 9948, 32742288, 0, 11, 32746176, 13, 48608
31, 104239104, 8379, 9946, 32757120, 0, 11, 32761744, 13, 49424
32, 104239104, 8481, 10049, 33653472, 0, 11, 33658336, 13, 45312
33, 104239104, 8342, 9910, 34349776, 0, 11, 34350176, 13, 45312
34, 104239104, 8113, 9683, 31876832, 0, 11, 31878464, 13, 49424
35, 104239104, 8247, 9816, 32305408, 0, 11, 32305664, 13, 47376
36, 104239104, 8070, 9640, 32337536, 0, 11, 32341120, 12, 49424
37, 104239104, 8273, 9843, 34722048, 0, 11, 34726320, 13, 45312
38, 104239104, 8284, 9852, 33577472, 0, 11, 33577728, 13, 45312
39, 104239104, 8208, 9778, 31606272, 0, 11, 31613824, 13, 48608
40, 104239104, 8242, 9812, 31137168, 0, 11, 31141424, 13, 48016
41, 104239104, 8278, 9847, 31832496, 0, 11, 31836960, 13, 48016
42, 104239104, 8308, 9879, 31935440, 0, 11, 31943632, 12, 51856
43, 104239104, 8357, 9923, 33824784, 0, 11, 33829280, 13, 45312
44, 104239104, 8303, 9871, 32475152, 0, 11, 32471184, 13, 45312
45, 104239104, 8399, 9972, 32802736, 0, 18, 32807488, 13, 59936
46, 104239104, 8449, 10019, 33536448, 0, 11, 33540864, 13, 49152
47, 104239104, 8319, 9888, 33710352, 0, 11, 33714704, 13, 45312
48, 104239104, 8225, 9795, 31665984, 0, 21, 31665888, 13, 51712
49, 104239104, 8344, 9915, 33191584, 0, 11, 33195856, 13, 52944
50, 104239104, 8387, 9956, 32756576, 0, 11, 32761184, 12, 45312
51, 104239104, 8332, 9899, 33172128, 0, 11, 33172496, 13, 45312
52, 104239104, 8357, 9927, 32653568, 0, 11, 32657968, 13, 49424
53, 104239104, 8424, 9994, 32893616, 0, 11, 32898080, 13, 49152
54, 104239104, 8255, 9823, 34621104, 0, 11, 34625392, 13, 45312
55, 104239104, 8065, 9636, 31704992, 0, 11, 31708848, 13, 52288
56, 104239104, 8159, 9729, 31985888, 0, 11, 31990064, 12, 45312
57, 104239104, 8046, 9616, 32224304, 0, 11, 31638080, 13, 49408
58, 104239104, 8093, 9663, 33535440, 0, 11, 33530480, 12, 1224992
59, 104239104, 8238, 9810, 33996432, 0, 11, 34000800, 12, 54240
60, 104239104, 8139, 9711, 30778736, 0, 11, 30783840, 12, 52432
61, 104239104, 8200, 9770, 31538992, 0, 11, 31542912, 12, 50080
62, 104239104, 8173, 9746, 30894976, 0, 11, 30898864, 12, 53920
63, 104239104, 8181, 9752, 31483584, 0, 11, 31487760, 12, 52112
64, 104239104, 8266, 9834, 33501008, 0, 11, 33501104, 12, 45312
65, 104239104, 8222, 9792, 32787264, 0, 11, 32791392, 12, 53520
66, 104239104, 8310, 9881, 31894816, 0, 11, 31899328, 12, 51712
67, 104239104, 8335, 9905, 33146000, 0, 11, 33146256, 12, 49152
68, 104239104, 8365, 9935, 33824080, 0, 11, 33824304, 12, 49424
69, 104239104, 8544, 10117, 33220816, 0, 11, 33225520, 13, 55824
70, 104239104, 8531, 10102, 33171472, 0, 11, 33176160, 12, 48832
71, 104239104, 8522, 10093, 33719696, 0, 11, 33724400, 12, 45312
72, 104239104, 8517, 10088, 33710960, 0, 11, 33715488, 12, 45312
73, 104239104, 8524, 10093, 33731088, 0, 11, 33729312, 12, 49280
74, 104239104, 8525, 10096, 33157824, 0, 11, 33154272, 12, 53744
75, 104239104, 8349, 9922, 34271616, 0, 11, 34276016, 12, 53520
76, 104239104, 8349, 9917, 32528224, 0, 11, 32524672, 12, 45312
77, 104239104, 8348, 9921, 33099424, 0, 11, 33104000, 12, 53536
78, 104239104, 8340, 9908, 33690768, 0, 11, 33691296, 12, 49424
79, 104239104, 8178, 9748, 34828384, 0, 11, 34832352, 12, 49424
80, 104239104, 8182, 9751, 31930608, 0, 11, 31935008, 12, 41616
81, 104239104, 8163, 9735, 31294064, 0, 11, 31302144, 12, 52112
82, 104239104, 8188, 9758, 31379376, 0, 11, 31377312, 12, 52112
83, 104239104, 8179, 9750, 30768736, 0, 11, 30769072, 12, 54192
84, 104239104, 8196, 9760, 32573584, 0, 11, 32581200, 12, 41616
85, 104239104, 8194, 9762, 32544944, 0, 11, 32542736, 12, 49424
86, 104239104, 8185, 9755, 31934496, 0, 11, 31934576, 12, 51488
87, 104239104, 8195, 9767, 31990960, 0, 11, 31994848, 13, 52032
88, 104239104, 8204, 9773, 32602160, 0, 11, 32605904, 12, 49408
89, 104239104, 8190, 9759, 33122192, 0, 11, 33126128, 13, 45312
90, 104239104, 8179, 9750, 31915168, 0, 11, 31919312, 12, 48832
91, 104239104, 8198, 9768, 31413200, 0, 11, 31411184, 13, 51712
92, 104239104, 8192, 9763, 33129808, 0, 11, 33133904, 12, 55600
93, 104239104, 8191, 9760, 31960544, 0, 11, 31965936, 12, 49408
94, 104239104, 8182, 9752, 32527728, 0, 11, 31941792, 12, 51472
95, 104239104, 8186, 9758, 31955232, 0, 11, 31955504, 13, 54592
96, 104239104, 8188, 9758, 33111264, 0, 11, 33115344, 12, 49424
97, 104239104, 8172, 9741, 32477136, 0, 11, 32481568, 13, 45312
98, 104239104, 8175, 9744, 32493184, 0, 11, 32497296, 13, 45312
99, 104239104, 8169, 9737, 33078848, 0, 11, 33078736, 13, 45312
100, 104239104, 8084, 9657, 34500208, 0, 11, 34508240, 12, 49424
101, 104239104, 8085, 9650, 31021120, 0, 11, 31021152, 13, 44224
102, 104239104, 8070, 9643, 30948880, 0, 11, 30949120, 13, 52128
103, 104239104, 8093, 9661, 30482928, 0, 11, 30482800, 13, 55968
104, 104239104, 8084, 9654, 31003440, 0, 11, 31003568, 13, 52128
105, 104239104, 8093, 9659, 32206912, 0, 11, 32210704, 12, 49424
106, 104239104, 8087, 9653, 32176896, 0, 11, 32180800, 13, 45312
107, 104239104, 8096, 9665, 31035088, 0, 11, 31037360, 12, 45312
108, 104239104, 8096, 9666, 32215968, 0, 11, 32215616, 13, 53264
109, 104239104, 8101, 9671, 32224864, 0, 11, 32228352, 12, 49424
110, 104239104, 8087, 9657, 32184160, 0, 11, 32183872, 12, 45312
111, 104239104, 8084, 9656, 31586224, 0, 11, 31590176, 13, 52944
112, 104239104, 8087, 9660, 31601392, 0, 11, 31605392, 13, 51744
113, 104239104, 8100, 9665, 32810528, 0, 11, 32814624, 12, 45312
114, 104239104, 8091, 9661, 31613152, 0, 11, 31616624, 12, 49152
115, 104239104, 8095, 9663, 31626448, 0, 11, 31626064, 12, 45312
116, 104239104, 8087, 9653, 32190080, 0, 11, 32194224, 12, 49424
117, 104239104, 8091, 9659, 32767872, 0, 11, 32767968, 12, 45312
118, 104239104, 8073, 9643, 31545312, 0, 11, 31549424, 13, 49424
119, 104239104, 8069, 9638, 32110384, 0, 11, 32114336, 13, 45312
120, 104239104, 8069, 9637, 32716240, 0, 11, 32715984, 12, 45312
121, 104239104, 8084, 9655, 34495904, 0, 11, 34503824, 13, 53520
122, 104239104, 8081, 9650, 31008320, 0, 11, 31008192, 13, 48336
123, 104239104, 8069, 9642, 30960368, 0, 11, 30964720, 13, 56224
124, 104239104, 8089, 9660, 30450688, 0, 11, 30450336, 13, 51856
125, 104239104, 8087, 9657, 31012880, 0, 11, 31012976, 13, 52128
126, 104239104, 8089, 9658, 32193808, 0, 11, 32193552, 12, 49424
127, 104239104, 8086, 9656, 32175552, 0, 11, 32179264, 13, 49424
128, 104239104, 8095, 9665, 31035152, 0, 11, 31039200, 13, 48192
129, 104239104, 8096, 9665, 32215440, 0, 11, 32215120, 13, 49152
130, 104239104, 8101, 9671, 32226416, 0, 11, 32229936, 13, 49424
131, 104239104, 7975, 9543, 31821888, 0, 11, 31821760, 13, 45312
132, 104239104, 7965, 9536, 31197488, 0, 11, 31201376, 13, 52944
133, 104239104, 7978, 9545, 30687312, 0, 11, 30687312, 13, 51712
134, 104239104, 7970, 9540, 32381808, 0, 11, 32385728, 13, 49424
135, 104239104, 7990, 9558, 31288352, 0, 11, 31291872, 13, 45312
136, 104239104, 7981, 9547, 31274720, 0, 11, 31278784, 12, 49424
137, 104239104, 8006, 9576, 31919744, 0, 11, 31917728, 13, 48832
138, 104239104, 7964, 9534, 32374016, 0, 11, 32373840, 12, 51488
139, 104239104, 7918, 9488, 31044592, 0, 11, 31044400, 12, 49424
140, 104239104, 7956, 9526, 31193520, 0, 11, 31197408, 13, 49424
141, 104239104, 7900, 9466, 32176704, 0, 11, 31590816, 13, 49424
142, 104239104, 7965, 9536, 33522272, 0, 11, 33526144, 12, 1224992
143, 104239104, 7952, 9520, 31163360, 0, 11, 31155104, 12, 49424
144, 104239104, 7930, 9497, 31109904, 0, 11, 31117360, 12, 56832
145, 104239104, 7950, 9520, 30003712, 0, 11, 30003424, 12, 52112
146, 104239104, 7960, 9532, 30023440, 0, 11, 29433408, 13, 56224
147, 104239104, 7966, 9536, 31215232, 0, 11, 31215008, 12, 639664
148, 104239104, 7982, 9553, 32408944, 0, 11, 32412768, 13, 57632
149, 104239104, 7972, 9541, 30664896, 0, 11, 30660560, 12, 49408
150, 104239104, 7976, 9548, 31234208, 0, 11, 31219584, 12, 59824
151, 104239104, 8018, 9587, 31961600, 0, 11, 31961280, 12, 49152
152, 104239104, 7971, 9542, 32405328, 0, 11, 32407056, 12, 49424
153, 104239104, 7979, 9551, 30661744, 0, 11, 30665760, 12, 53776
154, 104239104, 7961, 9530, 31196144, 0, 11, 31191728, 12, 48832
155, 104239104, 7987, 9557, 31855536, 0, 11, 31855536, 12, 53536
156, 104239104, 7981, 9550, 31259984, 0, 11, 31264128, 12, 49424
157, 104239104, 7980, 9549, 31252880, 0, 11, 31256896, 12, 45312
158, 104239104, 7993, 9564, 31293952, 0, 11, 31297552, 12, 49152
159, 104239104, 8002, 9567, 32504352, 0, 11, 32504320, 12, 45312
160, 104239104, 7929, 9499, 31680176, 0, 11, 31676032, 12, 68080
161, 104239104, 7939, 9509, 31120512, 0, 11, 31118128, 12, 57376
162, 104239104, 7924, 9490, 31666784, 0, 11, 31670864, 12, 49424
163, 104239104, 7927, 9492, 32837856, 0, 11, 32841840, 12, 47376
164, 104239104, 7971, 9541, 32962512, 0, 11, 32970480, 12, 45312
165, 104239104, 7936, 9506, 30534560, 0, 11, 30534112, 12, 52432
166, 104239104, 7927, 9498, 30509936, 0, 11, 30509824, 12, 52128
167, 104239104, 7962, 9534, 30058576, 0, 11, 30058032, 12, 55968
168, 104239104, 7966, 9536, 30627152, 0, 11, 30627184, 12, 52128
169, 104239104, 7971, 9540, 31819968, 0, 11, 31819488, 12, 49424
170, 104239104, 7974, 9544, 31809488, 0, 11, 31223488, 13, 49424
171, 104239104, 7989, 9559, 30711968, 0, 11, 30709840, 12, 642128
172, 104239104, 7979, 9551, 31264832, 0, 11, 31260576, 12, 55328
173, 104239104, 8006, 9574, 31921056, 0, 11, 31922688, 12, 53536
174, 104239104, 7972, 9542, 32397696, 0, 11, 32401776, 12, 47376
175, 104239104, 7962, 9533, 30616528, 0, 11, 30616176, 12, 55808
176, 104239104, 7961, 9529, 31207760, 0, 11, 31211744, 12, 55824
177, 104239104, 7983, 9553, 31834736, 0, 11, 31821488, 12, 49408
178, 104239104, 7981, 9551, 31275392, 0, 11, 31273056, 13, 66784
179, 104239104, 7978, 9549, 31234240, 0, 11, 31239312, 12, 51488
180, 104239104, 8006, 9575, 31937056, 0, 11, 31941136, 12, 49968
181, 104239104, 7971, 9541, 32389792, 0, 11, 32393760, 12, 45312
182, 104239104, 7909, 9477, 31020288, 0, 11, 31020096, 13, 45312
183, 104239104, 7965, 9533, 31782832, 0, 11, 31782896, 12, 49424
184, 104239104, 7896, 9465, 31572656, 0, 11, 31568144, 12, 53520
185, 104239104, 7973, 9543, 33565520, 0, 11, 33565456, 12, 53552
186, 104239104, 7941, 9512, 31710272, 0, 11, 31712224, 12, 53520
187, 104239104, 7924, 9494, 30493568, 0, 11, 30500896, 12, 44496
188, 104239104, 7949, 9520, 30578496, 0, 11, 30578208, 12, 52112
189, 104239104, 7963, 9533, 30054880, 0, 11, 30059056, 12, 52128
190, 104239104, 7967, 9535, 30647280, 0, 11, 30650880, 12, 53920
191, 104239104, 7993, 9561, 32450480, 0, 11, 32450192, 12, 45312
192, 104239104, 7963, 9533, 31201456, 0, 11, 31205232, 12, 53536
193, 104239104, 7978, 9549, 31257184, 0, 11, 31257200, 12, 55808
194, 104239104, 8006, 9576, 31329184, 0, 11, 31332928, 12, 53264
195, 104239104, 8018, 9587, 32545664, 0, 11, 32549344, 12, 45312
196, 104239104, 8092, 9664, 31609520, 0, 11, 31607232, 12, 55808
197, 104239104, 8092, 9662, 31609072, 0, 12, 31016928, 13, 55008
198, 104239104, 8088, 9661, 31611664, 0, 11, 31615808, 13, 49424
199, 104239104, 8092, 9662, 32187792, 0, 11, 32191840, 13, 45312
200, 104239104, 8096, 9666, 31623312, 0, 11, 31623152, 12, 45312
201, 104239104, 8092, 9664, 31615472, 0, 11, 31618944, 12, 53264
202, 104239104, 8090, 9660, 32770544, 0, 11, 32774496, 12, 45312
203, 104239104, 8084, 9655, 32746160, 0, 11, 32750208, 13, 45312
204, 104239104, 8084, 9654, 31577632, 0, 11, 31581872, 13, 45312
205, 104239104, 8087, 9656, 32192192, 0, 11, 32192000, 13, 45312
206, 104239104, 8089, 9659, 33923456, 0, 11, 33923376, 13, 49424
207, 104239104, 8088, 9659, 33347664, 0, 11, 33351744, 13, 49424
208, 104239104, 8077, 9649, 30403200, 0, 11, 30410560, 13, 48336
209, 104239104, 8084, 9657, 31021744, 0, 11, 31029840, 13, 48016
210, 104239104, 8080, 9654, 30985696, 0, 11, 30989808, 13, 48016
211, 104239104, 8089, 9661, 31023088, 0, 11, 31030768, 13, 51856
212, 104239104, 8101, 9670, 32230640, 0, 11, 32230064, 13, 45312
213, 104239104, 8089, 9660, 32184256, 0, 11, 32188000, 12, 49424
214, 104239104, 8091, 9662, 31609632, 0, 11, 31613984, 13, 51712
215, 104239104, 8107, 9674, 31674864, 0, 11, 31678448, 12, 49152
216, 104239104, 8099, 9668, 32791904, 0, 11, 32787232, 12, 45312
217, 104239104, 8092, 9667, 31608240, 0, 11, 31612128, 12, 59936
218, 104239104, 8088, 9659, 31592560, 0, 11, 31592288, 13, 52928
219, 104239104, 8097, 9667, 32212208, 0, 11, 32212112, 12, 49424
220, 104239104, 8096, 9667, 31629168, 0, 11, 31629232, 12, 49424
221, 104239104, 8099, 9666, 32226736, 0, 11, 32230656, 13, 49424
222, 104239104, 8101, 9668, 31069904, 0, 12, 30483696, 13, 49152
223, 104239104, 8091, 9662, 32757328, 0, 11, 32761248, 12, 1227056
224, 104239104, 8089, 9654, 32782720, 0, 11, 32784768, 12, 49408
225, 104239104, 8085, 9653, 31581216, 0, 11, 31581440, 12, 47376
226, 104239104, 8083, 9654, 32162128, 0, 11, 32163952, 13, 57584
227, 104239104, 8086, 9656, 33933984, 0, 11, 33933936, 12, 49408
228, 104239104, 8090, 9656, 33353568, 0, 11, 33357840, 12, 49424
229, 104239104, 8077, 9648, 30402400, 0, 11, 30407792, 12, 50400
230, 104239104, 8088, 9657, 31013632, 0, 11, 31013504, 13, 50080
231, 104239104, 8084, 9657, 31012096, 0, 11, 31014176, 12, 56240
232, 104239104, 8089, 9660, 31022800, 0, 11, 31024336, 12, 58016
233, 104239104, 8098, 9668, 32205376, 0, 11, 32204800, 12, 53520
234, 104239104, 8089, 9659, 32183088, 0, 11, 32186800, 12, 49424
235, 104239104, 8089, 9660, 31615104, 0, 11, 31619424, 12, 51712
236, 104239104, 8100, 9671, 31640352, 0, 11, 31643840, 12, 49152
237, 104239104, 8095, 9664, 32778944, 0, 11, 32780368, 12, 45312
238, 104239104, 8091, 9663, 31620560, 0, 11, 31030656, 12, 53776
239, 104239104, 8083, 9657, 31582304, 0, 11, 31586112, 12, 59072
240, 104239104, 8096, 9666, 32212720, 0, 11, 32214672, 13, 643344
241, 104239104, 8098, 9666, 31618400, 0, 11, 31614224, 12, 47376
242, 104239104, 8098, 9668, 32222928, 0, 11, 32222640, 13, 53568
243, 104239104, 8096, 9667, 31052560, 0, 11, 31051984, 13, 53264
244, 104239104, 8091, 9661, 32756928, 0, 11, 32760848, 12, 49424
245, 104239104, 8081, 9650, 32751120, 0, 11, 32753168, 12, 49408
246, 104239104, 8084, 9653, 31575920, 0, 11, 31576048, 12, 47376
247, 104239104, 8083, 9654, 32160608, 0, 11, 32164464, 12, 49376
248, 104239104, 8086, 9657, 33935456, 0, 11, 33939488, 12, 45312
249, 104239104, 8088, 9658, 33346544, 0, 11, 33350720, 12, 45312
250, 104239104, 8078, 9649, 30408688, 0, 11, 30416080, 12, 48336
251, 104239104, 8091, 9661, 31022064, 0, 11, 31030064, 12, 48016
252, 104239104, 8084, 9656, 31012336, 0, 11, 31014416, 12, 48016
253, 104239104, 8093, 9664, 31038752, 0, 11, 31042416, 12, 58032
254, 104239104, 8096, 9666, 32790704, 0, 11, 32788128, 13, 53520
255, 104239104, 8098, 9664, 31645312, 0, 18, 31649216, 13, 49424
256, 104239104, 8089, 9661, 31600864, 0, 11, 31603088, 12, 53776
257, 104239104, 8104, 9674, 31654368, 0, 11, 31649760, 12, 51216
258, 104239104, 8007, 9577, 32518992, 0, 11, 32522544, 12, 49424
259, 104239104, 7891, 9463, 30982000, 0, 11, 30981552, 12, 51712
260, 104239104, 7814, 9385, 30733456, 0, 11, 30736576, 13, 52944
261, 104239104, 7910, 9478, 31044656, 0, 11, 30458672, 13, 48192
262, 104239104, 7862, 9433, 30876832, 0, 11, 30861888, 12, 639264
263, 104239104, 7913, 9481, 31615744, 0, 11, 31611184, 12, 63968
264, 104239104, 7909, 9481, 30463328, 0, 11, 30468416, 12, 53536
265, 104239104, 7904, 9472, 31592608, 0, 11, 31592224, 12, 47376
266, 104239104, 7870, 9437, 32074096, 0, 11, 32077840, 12, 53520
267, 104239104, 7691, 9257, 29755360, 0, 11, 29758784, 12, 49408
268, 104239104, 7732, 9301, 31037360, 0, 11, 31044544, 12, 45312
269, 104239104, 7593, 9162, 31201664, 0, 11, 30614832, 13, 49408
270, 104239104, 7881, 9450, 33271600, 0, 11, 33271152, 12, 49408
271, 104239104, 7841, 9412, 30227008, 0, 11, 30226480, 12, 55184
272, 104239104, 7762, 9332, 30563824, 0, 11, 30566704, 12, 52304
273, 104239104, 7874, 9447, 29790080, 0, 11, 29793504, 13, 52128
274, 104239104, 7884, 9454, 29818464, 0, 11, 29818128, 12, 48016
275, 104239104, 7837, 9406, 30796800, 0, 11, 30800096, 13, 49248
276, 104239104, 7922, 9493, 31656864, 0, 11, 31660368, 13, 49424
277, 104239104, 7855, 9423, 30879424, 0, 11, 30882720, 12, 45312
278, 104239104, 7938, 9509, 30532864, 0, 11, 30532592, 12, 51712
279, 104239104, 7972, 9542, 31825456, 0, 11, 31824928, 12, 53264
280, 104239104, 7952, 9522, 32344192, 0, 11, 32343632, 12, 49424
281, 104239104, 7868, 9438, 30908272, 0, 11, 30907808, 12, 55824
282, 104239104, 7840, 9410, 30812544, 0, 11, 30811808, 12, 52944
283, 104239104, 7884, 9455, 30373136, 0, 11, 30372704, 13, 55824
284, 104239104, 7895, 9465, 31572816, 0, 11, 31572384, 13, 49424
285, 104239104, 7895, 9468, 31005056, 0, 11, 31008432, 12, 53264
286, 104239104, 7896, 9467, 30990240, 0, 11, 30993904, 12, 49408
287, 104239104, 7921, 9487, 31074752, 0, 11, 31078400, 13, 48832
288, 104239104, 7875, 9443, 32076272, 0, 11, 32075904, 12, 45312
289, 104239104, 7700, 9271, 30368688, 0, 11, 30371824, 12, 49424
290, 104239104, 7759, 9329, 30568720, 0, 11, 30576000, 12, 45312
291, 104239104, 7594, 9163, 31205024, 0, 11, 31203824, 13, 45312
292, 104239104, 7860, 9429, 32621392, 0, 11, 32620784, 13, 49424
293, 104239104, 7860, 9429, 31450608, 0, 11, 31450080, 12, 49424
294, 104239104, 7769, 9335, 30021952, 0, 11, 30028912, 13, 48608
295, 104239104, 7829, 9398, 30206112, 0, 11, 30205424, 13, 48016
296, 104239104, 7878, 9452, 29791712, 0, 11, 29795296, 13, 52128
297, 104239104, 7828, 9400, 30214816, 0, 11, 30222128, 12, 51856
298, 104239104, 7932, 9501, 31688544, 0, 11, 31692016, 13, 45312
299, 104239104, 7859, 9428, 31455616, 0, 11, 31458912, 13, 45312
300, 104239104, 7937, 9508, 30549280, 0, 11, 30549008, 13, 51712
301, 104239104, 7966, 9533, 31224880, 0, 11, 31228512, 13, 53264
302, 104239104, 7954, 9519, 32339376, 0, 11, 32343040, 12, 45312
303, 104239104, 7885, 9452, 30965344, 0, 11, 30972480, 12, 48192
304, 104239104, 7843, 9410, 30247328, 0, 11, 30248656, 13, 51712
305, 104239104, 7878, 9448, 31511392, 0, 11, 31510928, 12, 50896
306, 104239104, 7898, 9468, 31580672, 0, 11, 31580240, 13, 49424
307, 104239104, 7904, 9476, 30443824, 0, 11, 30447168, 13, 56144
308, 104239104, 7898, 9467, 30987728, 0, 11, 30991440, 13, 45312
309, 104239104, 7947, 9517, 31736240, 0, 11, 31739984, 12, 48832
310, 104239104, 7857, 9428, 32027184, 0, 11, 32030768, 12, 45312
311, 104239104, 7707, 9274, 30404304, 0, 11, 30405600, 12, 45312
312, 104239104, 7812, 9383, 30714544, 0, 11, 30721920, 13, 47376
313, 104239104, 7556, 9126, 30513856, 0, 11, 30512544, 12, 49376
314, 104239104, 7853, 9422, 32601360, 0, 11, 32600624, 12, 49424
315, 104239104, 7853, 9424, 32014640, 0, 11, 32014240, 13, 49424
316, 104239104, 7784, 9355, 30063840, 0, 11, 30066560, 13, 48608
317, 104239104, 7878, 9451, 29793024, 0, 11, 29796528, 13, 52128
318, 104239104, 7829, 9399, 30202784, 0, 11, 30200128, 12, 48016
319, 104239104, 7818, 9387, 30186576, 0, 11, 30193952, 12, 58032
320, 104239104, 7944, 9512, 31715040, 0, 11, 31714560, 13, 45312
321, 104239104, 7856, 9426, 31453280, 0, 11, 31456640, 12, 49424
322, 104239104, 7935, 9504, 29954928, 0, 11, 29956864, 12, 48832
323, 104239104, 7955, 9527, 31756320, 0, 11, 31759792, 12, 53264
324, 104239104, 7994, 9562, 31877984, 0, 11, 31877488, 12, 45312
325, 104239104, 8095, 9665, 32216384, 0, 11, 32216272, 12, 49424
326, 104239104, 8085, 9657, 31592208, 0, 11, 31595840, 12, 52944
327, 104239104, 8091, 9663, 31612288, 0, 11, 31616320, 12, 51712
328, 104239104, 8094, 9663, 32202304, 0, 11, 32206304, 12, 45312
329, 104239104, 8094, 9662, 32200448, 0, 11, 32200096, 13, 45312
330, 104239104, 8103, 9672, 31068800, 0, 11, 31071744, 12, 49424
331, 104239104, 8089, 9658, 32773856, 0, 11, 32769648, 13, 49424
332, 104239104, 8088, 9658, 32184016, 0, 11, 32183888, 13, 53536
333, 104239104, 8079, 9649, 31564016, 0, 11, 31568096, 12, 49424
334, 104239104, 8075, 9643, 32724704, 0, 11, 32724640, 12, 45312
335, 104239104, 8066, 9636, 33288416, 0, 11, 33292432, 12, 49424
336, 104239104, 8090, 9659, 33347504, 0, 11, 33347504, 12, 45312
337, 104239104, 8082, 9654, 31008320, 0, 11, 31012176, 12, 56144
338, 104239104, 8080, 9650, 30997920, 0, 11, 30998224, 13, 48016
339, 104239104, 8088, 9659, 31025872, 0, 11, 31025680, 13, 55968
340, 104239104, 8083, 9653, 30997872, 0, 11, 30997872, 13, 52128
341, 104239104, 8093, 9663, 32187968, 0, 11, 32191600, 13, 49424
342, 104239104, 8086, 9655, 32175616, 0, 11, 32179360, 13, 45312
343, 104239104, 8103, 9672, 31069232, 0, 11, 31072528, 13, 48192
344, 104239104, 8096, 9667, 32213712, 0, 11, 32217280, 13, 53264
345, 104239104, 8104, 9673, 32233776, 0, 11, 32237008, 13, 45312
346, 104239104, 8097, 9665, 32205456, 0, 11, 32205248, 13, 45312
347, 104239104, 8090, 9660, 31603504, 0, 11, 31603184, 13, 52944
348, 104239104, 8091, 9664, 31611696, 0, 11, 31615728, 13, 55824
349, 104239104, 8094, 9663, 32201616, 0, 11, 32205584, 12, 45312
350, 104239104, 8094, 9662, 32199584, 0, 11, 32199232, 13, 45312
351, 104239104, 8098, 9666, 31653584, 0, 11, 31656752, 12, 49424
352, 104239104, 8085, 9656, 32171536, 0, 11, 32175520, 13, 49424
353, 104239104, 8087, 9656, 32181328, 0, 11, 32185312, 12, 45312
354, 104239104, 8079, 9648, 31562144, 0, 11, 31566256, 13, 45312
355, 104239104, 8074, 9643, 32724704, 0, 11, 32728688, 13, 45312
356, 104239104, 8067, 9636, 33276128, 0, 11, 33276064, 13, 45312
357, 104239104, 8090, 9660, 33345488, 0, 11, 33345488, 12, 49424
358, 104239104, 8083, 9654, 31013632, 0, 11, 31017424, 13, 52448
359, 104239104, 8080, 9650, 30996080, 0, 11, 30992272, 13, 48016
360, 104239104, 8088, 9660, 31026592, 0, 11, 31026432, 13, 60080
361, 104239104, 8086, 9653, 31025232, 0, 11, 31029408, 13, 52128
362, 104239104, 8093, 9662, 32190128, 0, 11, 32193792, 13, 45312
363, 104239104, 8086, 9655, 32174288, 0, 11, 32178032, 13, 45312
364, 104239104, 8099, 9669, 31057712, 0, 11, 31065056, 13, 48192
365, 104239104, 8100, 9669, 32228432, 0, 11, 32227952, 12, 49152
366, 104239104, 8104, 9674, 32236160, 0, 11, 32239424, 13, 49424
367, 104239104, 8097, 9665, 32206784, 0, 11, 32206640, 12, 45312
368, 104239104, 8089, 9660, 31598496, 0, 11, 31602256, 12, 52944
369, 104239104, 8098, 9669, 31637568, 0, 11, 31637488, 13, 51712
370, 104239104, 8094, 9664, 32200624, 0, 11, 32204624, 13, 49424
371, 104239104, 8094, 9662, 32200576, 0, 11, 32200224, 13, 45312
372, 104239104, 8097, 9666, 31644128, 0, 11, 31647232, 12, 49424
373, 104239104, 8088, 9658, 32163632, 0, 11, 32167584, 13, 49424
374, 104239104, 8088, 9653, 32199952, 0, 11, 32204192, 13, 45312
375, 104239104, 8083, 9651, 31578784, 0, 11, 31578848, 13, 45312
376, 104239104, 8071, 9642, 32697776, 0, 11, 32701728, 12, 49424
377, 104239104, 8069, 9638, 33295872, 0, 11, 33299888, 13, 45312
378, 104239104, 8089, 9659, 33344032, 0, 11, 33348112, 13, 45312
379, 104239104, 8080, 9650, 31004144, 0, 11, 31007936, 13, 48336
380, 104239104, 8075, 9647, 30979616, 0, 11, 30983968, 13, 48016
381, 104239104, 8088, 9658, 31024608, 0, 11, 31024448, 13, 51856
382, 104239104, 8081, 9653, 30993216, 0, 11, 30997296, 13, 52128
383, 104239104, 8096, 9664, 32216576, 0, 11, 32216224, 13, 45312
384, 104239104, 8086, 9656, 32175952, 0, 11, 32179744, 13, 49424
385, 104239104, 8099, 9670, 31041680, 0, 11, 31045520, 12, 51712
386, 104239104, 8094, 9665, 32222880, 0, 11, 32226592, 12, 49152
387, 104239104, 8093, 9662, 32186240, 0, 11, 32189664, 12, 45312
388, 104239104, 7999, 9568, 31899712, 0, 11, 31896208, 13, 45312
389, 104239104, 8003, 9575, 31336848, 0, 11, 31340672, 13, 56240
390, 104239104, 7978, 9548, 31241552, 0, 11, 31247792, 12, 48832
391, 104239104, 8012, 9581, 31947344, 0, 11, 31951248, 12, 45312
392, 104239104, 8003, 9573, 31334544, 0, 11, 31334064, 12, 49152
393, 104239104, 7996, 9562, 31320288, 0, 11, 31324336, 12, 49424
394, 104239104, 8025, 9593, 31979376, 0, 11, 31983392, 12, 45312
395, 104239104, 7993, 9560, 32457376, 0, 11, 32457344, 13, 45312
396, 104239104, 7933, 9501, 31111632, 0, 11, 31115680, 12, 49424
397, 104239104, 7961, 9530, 31193920, 0, 11, 31193664, 12, 45312
398, 104239104, 7902, 9472, 32164160, 0, 11, 32163872, 13, 49424
399, 104239104, 8003, 9573, 34237376, 0, 11, 34241152, 13, 49424
400, 104239104, 7979, 9548, 30670592, 0, 11, 30670352, 13, 44496
401, 104239104, 7924, 9495, 30509728, 0, 11, 30517136, 12, 52128
402, 104239104, 7986, 9556, 30703440, 0, 11, 30703184, 13, 48016
403, 104239104, 7978, 9549, 30077840, 0, 11, 30081984, 13, 52128
404, 104239104, 7990, 9559, 31879472, 0, 11, 31882544, 13, 41616
405, 104239104, 8015, 9586, 31946272, 0, 11, 31950000, 13, 49424
406, 104239104, 7999, 9566, 30752336, 0, 11, 30756128, 13, 48192
407, 104239104, 8004, 9574, 31341632, 0, 11, 31348816, 13, 51712
408, 104239104, 8053, 9623, 32073600, 0, 11, 32077312, 13, 49424
409, 104239104, 8001, 9571, 32489088, 0, 11, 32492944, 13, 45312
410, 104239104, 7983, 9554, 30676832, 0, 11, 30680560, 13, 51712
411, 104239104, 8002, 9571, 31906336, 0, 11, 31910000, 13, 48832
412, 104239104, 8022, 9591, 31387088, 0, 11, 31387056, 13, 49424
413, 104239104, 7993, 9563, 31310752, 0, 11, 31313920, 13, 49424
414, 104239104, 7991, 9557, 31872608, 0, 11, 31880560, 13, 49424
415, 104239104, 8030, 9598, 31410944, 0, 11, 31410880, 12, 45312
416, 104239104, 8009, 9580, 33081184, 0, 11, 33080976, 13, 49424
417, 104239104, 7934, 9505, 31115072, 0, 11, 31119024, 12, 49424
418, 104239104, 7955, 9525, 31169856, 0, 11, 31169856, 13, 45312
419, 104239104, 7925, 9498, 31672432, 0, 11, 31676064, 12, 53488
420, 104239104, 7957, 9526, 32924944, 0, 11, 32924704, 13, 49408
421, 104239104, 7978, 9548, 32989696, 0, 11, 32993584, 13, 49424
422, 104239104, 7958, 9529, 30031680, 0, 11, 30034608, 12, 48336
423, 104239104, 7956, 9527, 30609184, 0, 11, 30612912, 13, 52128
424, 104239104, 7963, 9534, 30627920, 0, 11, 30627760, 13, 52128
425, 104239104, 7972, 9545, 30657344, 0, 11, 30665056, 13, 55968
426, 104239104, 8031, 9600, 32007760, 0, 11, 32007184, 12, 45312
427, 104239104, 7981, 9552, 31835872, 0, 11, 31839488, 13, 49424
428, 104239104, 8015, 9582, 30796336, 0, 11, 30800240, 13, 51712
429, 104239104, 8017, 9587, 31379072, 0, 11, 31382768, 13, 49152
430, 104239104, 8029, 9595, 32571216, 0, 11, 32574816, 12, 45312
431, 104239104, 8003, 9574, 31332064, 0, 11, 31339440, 13, 48192
432, 104239104, 7993, 9564, 31868240, 0, 11, 31875936, 12, 48832
433, 104239104, 7991, 9562, 30721744, 0, 11, 30725648, 13, 51712
434, 104239104, 8008, 9576, 31917792, 0, 11, 31917584, 12, 45312
435, 104239104, 7999, 9569, 31901312, 0, 11, 31905296, 12, 49424
436, 104239104, 8010, 9580, 30773632, 0, 11, 30777232, 12, 49152
437, 104239104, 8021, 9590, 31965104, 0, 11, 31969024, 13, 45312
438, 104239104, 7972, 9541, 32408736, 0, 11, 32408736, 13, 45312
439, 104239104, 7948, 9518, 31136864, 0, 11, 31136672, 13, 49424
440, 104239104, 7944, 9515, 31730288, 0, 11, 31734080, 13, 53520
441, 104239104, 7917, 9485, 32227936, 0, 11, 32227360, 12, 45312
442, 104239104, 8008, 9576, 34260416, 0, 11, 34264400, 12, 49424
443, 104239104, 7970, 9543, 30062672, 0, 11, 30060208, 13, 55312
444, 104239104, 7926, 9497, 31082512, 0, 11, 31078288, 12, 54192
445, 104239104, 7987, 9562, 30143472, 0, 11, 30145072, 12, 60080
446, 104239104, 7965, 9536, 30041632, 0, 11, 30045680, 13, 48016
447, 104239104, 7998, 9568, 31895360, 0, 11, 31900288, 12, 43680
448, 104239104, 8008, 9579, 31929488, 0, 11, 31933408, 13, 47376
449, 104239104, 7984, 9552, 31263344, 0, 11, 31267216, 13, 45312
450, 104239104, 8010, 9582, 31358320, 0, 11, 31359808, 13, 52032
451, 104239104, 8047, 9617, 32063024, 0, 11, 32066688, 12, 47376
452, 104239104, 8075, 9639, 32723984, 0, 11, 32137680, 12, 45312
453, 104239104, 8103, 9676, 30475552, 0, 12, 30478976, 13, 645648
454, 104239104, 8097, 9667, 32219984, 0, 11, 32223808, 13, 52928
455, 104239104, 8097, 9666, 31627776, 0, 11, 31627520, 12, 49424
456, 104239104, 8096, 9666, 32775264, 0, 11, 32782480, 12, 49424
457, 104239104, 8100, 9670, 31059520, 0, 11, 31059216, 13, 45312
458, 104239104, 8094, 9664, 32208992, 0, 11, 32212896, 12, 49424
459, 104239104, 8096, 9664, 32782224, 0, 11, 32781984, 12, 45312
460, 104239104, 8085, 9656, 32167360, 0, 11, 32171504, 12, 49424
461, 104239104, 8090, 9660, 31607952, 0, 11, 31615664, 13, 49408
462, 104239104, 8088, 9656, 33351104, 0, 11, 33351072, 13, 45312
463, 104239104, 8087, 9659, 33933840, 0, 11, 33937616, 12, 53472
464, 104239104, 8095, 9664, 31606944, 0, 11, 31606768, 12, 41616
465, 104239104, 8087, 9654, 31032688, 0, 11, 31040576, 13, 52128
466, 104239104, 8095, 9664, 31050928, 0, 11, 31050800, 13, 48016
467, 104239104, 8093, 9663, 30444832, 0, 11, 30445088, 12, 52128
468, 104239104, 8103, 9671, 32241264, 0, 11, 32244112, 12, 45728
469, 104239104, 8097, 9668, 32207856, 0, 11, 32211456, 12, 49424
470, 104239104, 8096, 9664, 31607136, 0, 11, 31606880, 13, 45312
471, 104239104, 8104, 9673, 31682144, 0, 11, 31686064, 13, 56144
472, 104239104, 8113, 9682, 32267168, 0, 11, 32270480, 12, 45312
473, 104239104, 8097, 9665, 32776272, 0, 11, 32775952, 13, 45312
474, 104239104, 8103, 9675, 31074560, 0, 11, 31078032, 13, 55824
475, 104239104, 8097, 9669, 31633440, 0, 11, 31637424, 13, 51712
476, 104239104, 8102, 9670, 32229200, 0, 11, 32229088, 12, 45312
477, 104239104, 8104, 9673, 32236032, 0, 11, 32235392, 12, 49424
478, 104239104, 8099, 9669, 31651680, 0, 11, 31655488, 13, 49424
479, 104239104, 8098, 9667, 32204576, 0, 11, 32204304, 12, 48832
480, 104239104, 8096, 9666, 32787984, 0, 11, 32791696, 13, 49424
481, 104239104, 8086, 9656, 31596752, 0, 11, 31596784, 12, 45312
482, 104239104, 8090, 9659, 32189872, 0, 11, 32193664, 12, 49424
483, 104239104, 8085, 9656, 32754432, 0, 11, 32758448, 13, 49424
484, 104239104, 8088, 9657, 34505808, 0, 11, 34513488, 13, 45312
485, 104239104, 8096, 9665, 31042144, 0, 11, 31042256, 13, 44496
486, 104239104, 8081, 9651, 30995936, 0, 11, 30999616, 13, 52128
487, 104239104, 8095, 9665, 31047680, 0, 11, 31047552, 12, 52128
488, 104239104, 8096, 9663, 30471488, 0, 11, 30475952, 13, 52128
489, 104239104, 8100, 9668, 32211136, 0, 11, 32215968, 12, 41616
490, 104239104, 8094, 9664, 32194432, 0, 11, 32198096, 12, 47376
491, 104239104, 8094, 9663, 31616960, 0, 11, 31616768, 13, 45312
492, 104239104, 8104, 9676, 31671520, 0, 11, 31669088, 13, 56144
493, 104239104, 8109, 9680, 32252272, 0, 11, 32255584, 13, 51488
494, 104239104, 8095, 9664, 32788848, 0, 11, 32792576, 13, 45312
495, 104239104, 8098, 9669, 31038576, 0, 11, 31038256, 12, 51712
496, 104239104, 8098, 9669, 31651328, 0, 11, 31655472, 13, 55824
497, 104239104, 8106, 9674, 32229344, 0, 11, 32229040, 13, 45312
498, 104239104, 8100, 9670, 32221808, 0, 11, 32225312, 12, 49424
499, 104239104, 8103, 9671, 31664192, 0, 11, 31663856, 12, 45312
500, 104239104, 8100, 9670, 32230848, 0, 11, 32230640, 12, 52944
501, 104239104, 8092, 9663, 32774400, 0, 11, 32778176, 12, 49424
502, 104239104, 8083, 9654, 31565792, 0, 11, 31569904, 12, 49408
503, 104239104, 8089, 9658, 32186656, 0, 11, 32190384, 13, 49408
504, 104239104, 8085, 9656, 32753920, 0, 11, 32757968, 12, 49424
505, 104239104, 8087, 9658, 34500336, 0, 11, 34508048, 12, 45312
506, 104239104, 8092, 9662, 31028016, 0, 11, 31032144, 12, 44496
507, 104239104, 8081, 9650, 30996144, 0, 11, 30999824, 12, 48016
508, 104239104, 8094, 9665, 31043584, 0, 11, 31047504, 13, 52128
509, 104239104, 8091, 9661, 30455680, 0, 11, 30457888, 13, 48016
510, 104239104, 8099, 9668, 32209008, 0, 11, 32215968, 13, 43680
511, 104239104, 8089, 9659, 32763552, 0, 11, 32767328, 12, 49408
512, 104239104, 8099, 9668, 31050080, 0, 11, 31045760, 12, 48192
513, 104239104, 8104, 9677, 31669680, 0, 11, 31668848, 13, 60256
514, 104239104, 8111, 9680, 32259216, 0, 11, 32258848, 12, 49424
1, 2486272, 2, 14, 11168, 0, 0, 10592, 0, 0
2, 6557696, 0, 610, 0, 0, 2, 0, 3, 23648
3, 17420288, 523, 1742, 2137184, 0, 5, 2137184, 7, 27744
4, 40235008, 227, 1727, 9437392, 0, 7, 9438480, 10, 60592
5, 70553600, 3669, 5236, 17749968, 0, 10, 17223728, 13, 286768
6, 104108032, 8748, 10323, 33515104, 0, 11, 33511840, 12, 325120
7, 104108032, 8587, 10160, 34073728, 0, 11, 34074384, 13, 57056
8, 104108032, 8577, 10143, 34031936, 0, 11, 34036896, 12, 49424
9, 104108032, 8548, 10119, 33341632, 0, 11, 33347792, 13, 51456
10, 104108032, 8539, 10108, 33900800, 0, 11, 33899408, 13, 47376
11, 104108032, 8643, 10215, 33647088, 0, 11, 33648096, 13, 47376
12, 104108032, 8413, 9984, 34618832, 0, 11, 34619248, 13, 55584
13, 104108032, 8195, 9767, 32192144, 0, 11, 32174640, 13, 55568
14, 104108032, 8369, 9939, 32723712, 0, 11, 32724128, 12, 68848
15, 104108032, 8108, 9678, 33086048, 0, 11, 33085584, 12, 55568
16, 104108032, 8329, 9900, 34905440, 0, 11, 34909856, 12, 49424
17, 104108032, 8290, 9860, 33031248, 0, 11, 33035648, 13, 48192
18, 104108032, 8221, 9786, 31658768, 0, 11, 31666384, 12, 48592
19, 104108032, 8257, 9829, 31775552, 0, 11, 31775216, 12, 56208
20, 104108032, 8311, 9882, 31361904, 0, 11, 31358480, 13, 54176
21, 104108032, 8308, 9879, 32506192, 0, 11, 32514448, 13, 47776
22, 104108032, 8351, 9922, 33814224, 0, 11, 33818624, 13, 51456
23, 104108032, 8358, 9925, 32110576, 0, 11, 32115008, 12, 49408
24, 104108032, 8421, 9992, 32859712, 0, 11, 32864432, 13, 55824
25, 104108032, 8470, 10041, 33622112, 0, 11, 33036720, 13, 53248
26, 104108032, 8344, 9915, 33795856, 0, 11, 33210416, 13, 639248
27, 104108032, 8228, 9797, 32274288, 0, 11, 32278368, 13, 53760
28, 104108032, 8348, 9919, 32626912, 0, 18, 32635104, 13, 48832
29, 104108032, 8418, 9986, 33455792, 0, 11, 33460592, 13, 45312
30, 104108032, 8330, 9901, 32588128, 0, 11, 32595920, 13, 47360
31, 104108032, 8385, 9950, 33339568, 0, 11, 33344192, 13, 45312
32, 104108032, 8465, 10033, 33002416, 0, 11, 33003136, 13, 45312
33, 104108032, 8325, 9898, 34312112, 0, 11, 34316608, 13, 51472
34, 104108032, 8143, 9709, 31994320, 0, 11, 31998208, 13, 47360
35, 104108032, 8294, 9864, 32452256, 0, 11, 32456656, 13, 47360
36, 104108032, 8039, 9610, 32834528, 0, 11, 32838016, 13, 47360
37, 104108032, 8330, 9896, 34325392, 0, 11, 34329968, 13, 45312
38, 104108032, 8291, 9859, 33610224, 0, 11, 33610512, 13, 45312
39, 104108032, 8221, 9791, 31656656, 0, 11, 31660192, 13, 48608
40, 104108032, 8259, 9832, 31778848, 0, 11, 31782832, 13, 56224
41, 104108032, 8308, 9880, 31346688, 0, 11, 31351088, 13, 50064
42, 104108032, 8308, 9878, 32526592, 0, 11, 32530928, 13, 43664
43, 104108032, 8348, 9918, 33802288, 0, 11, 33802640, 13, 51472
44, 104108032, 8356, 9927, 32086896, 0, 11, 32083088, 13, 53520
45, 104108032, 8415, 9988, 32858352, 0, 11, 32863072, 13, 59936
46, 104108032, 8464, 10035, 33583472, 0, 11, 33587952, 13, 49152
47, 104108032, 8323, 9893, 33732848, 0, 11, 33733168, 13, 49408
48, 104108032, 8234, 9808, 32285440, 0, 11, 32289488, 13, 57872
49, 104108032, 8340, 9909, 32601072, 0, 11, 32605088, 13, 48832
50, 104108032, 8414, 9984, 33425888, 0, 11, 33430528, 13, 49424
51, 104108032, 8320, 9891, 32552448, 0, 11, 32560272, 13, 47360
52, 104108032, 8380, 9948, 33319136, 0, 11, 33315472, 13, 45312
53, 104108032, 8452, 10019, 32978480, 0, 11, 32983440, 13, 53536
54, 104108032, 8322, 9894, 34278416, 0, 11, 34282864, 13, 47360
55, 104108032, 8101, 9667, 31859696, 0, 11, 31863520, 13, 47360
56, 104108032, 8261, 9831, 32348784, 0, 11, 32353120, 13, 47360
57, 104108032, 8026, 9593, 32202336, 0, 11, 32205856, 13, 47360
58, 104108032, 8246, 9812, 34610848, 0, 11, 34615120, 13, 45312
59, 104108032, 8225, 9795, 33368512, 0, 11, 33372784, 13, 45312
60, 104108032, 8157, 9726, 31414480, 0, 11, 31421936, 13, 44496
61, 104108032, 8194, 9766, 31555984, 0, 11, 31560000, 13, 52112
62, 104108032, 8236, 9807, 31091152, 0, 11, 31091376, 13, 50064
63, 104108032, 8243, 9817, 31706848, 0, 11, 31714912, 13, 58016
64, 104108032, 8291, 9862, 33592720, 0, 11, 33592976, 13, 49408
65, 104108032, 8234, 9805, 32252352, 0, 11, 32256416, 13, 51472
66, 104108032, 8334, 9905, 32557792, 0, 11, 32562400, 13, 51712
67, 104108032, 8392, 9961, 33348208, 0, 11, 33348512, 13, 49152
68, 104108032, 8367, 9941, 33825632, 0, 11, 33825808, 13, 53520
69, 104108032, 8505, 10076, 33093296, 0, 11, 33094016, 13, 57872
70, 104108032, 8500, 10072, 33061008, 0, 11, 33069472, 13, 52944
71, 104108032, 8416, 9982, 33348224, 0, 11, 33352832, 13, 45312
72, 104108032, 8418, 9986, 33350704, 0, 11, 33350880, 13, 45312
73, 104108032, 8421, 9991, 32790640, 0, 11, 32790992, 13, 51472
74, 104108032, 8409, 9981, 33329776, 0, 11, 33334256, 13, 49424
75, 104108032, 8327, 9900, 33607440, 0, 11, 33611776, 13, 47360
76, 104108032, 8319, 9889, 33010432, 0, 11, 33013040, 13, 45312
77, 104108032, 8319, 9890, 33007040, 0, 11, 33007280, 13, 49424
78, 104108032, 8311, 9883, 33566128, 0, 11, 33566560, 13, 55584
79, 104108032, 8066, 9638, 34438272, 0, 11, 34442080, 13, 49424
80, 104108032, 8071, 9643, 30954176, 0, 11, 30958336, 13, 46544
81, 104108032, 8055, 9624, 30915776, 0, 11, 30919616, 13, 48016
82, 104108032, 8076, 9648, 30994704, 0, 11, 30994576, 13, 56224
83, 104108032, 8074, 9641, 30390224, 0, 11, 30394496, 13, 52128
84, 104108032, 8076, 9645, 32145808, 0, 11, 32148976, 13, 45712
85, 104108032, 8082, 9649, 32166160, 0, 11, 32170080, 13, 51472
86, 104108032, 8078, 9647, 31556000, 0, 11, 31555872, 13, 47360
87, 104108032, 8084, 9656, 31605936, 0, 11, 31605664, 13, 56144
88, 104108032, 8091, 9661, 32179376, 0, 11, 32178768, 13, 53488
89, 104108032, 8078, 9648, 32742368, 0, 11, 32742080, 13, 51472
90, 104108032, 8066, 9641, 30949392, 0, 11, 30953232, 13, 59920
91, 104108032, 8081, 9652, 31587104, 0, 23, 31587040, 13, 51712
92, 104108032, 8081, 9652, 32147232, 0, 11, 32151136, 13, 49424
93, 104108032, 8084, 9652, 32180064, 0, 11, 32179392, 13, 45312
94, 104108032, 8078, 9650, 31573264, 0, 11, 31577040, 13, 53520
95, 104108032, 8074, 9644, 32134480, 0, 11, 32138368, 13, 48832
96, 104108032, 8072, 9642, 32716752, 0, 11, 32720624, 13, 47360
97, 104108032, 8065, 9634, 31514192, 0, 11, 31514352, 13, 45312
98, 104108032, 8060, 9631, 32083456, 0, 11, 32091392, 13, 51472
99, 104108032, 8050, 9620, 32652560, 0, 11, 32656576, 13, 47360
100, 104108032, 8069, 9638, 33862208, 0, 11, 33870016, 13, 45312
101, 104108032, 8075, 9644, 31550640, 0, 11, 31552768, 13, 43664
102, 104108032, 8054, 9625, 30909792, 0, 12, 30917712, 13, 52128
103, 104108032, 8073, 9645, 30969712, 0, 11, 30969552, 13, 52112
104, 104108032, 8069, 9640, 30374336, 0, 11, 30378608, 13, 52128
105, 104108032, 8076, 9645, 32145632, 0, 11, 32148800, 13, 45712
106, 104108032, 8081, 9651, 32162640, 0, 11, 32162288, 13, 51472
107, 104108032, 8074, 9645, 31545072, 0, 11, 31548960, 13, 51472
108, 104108032, 8083, 9655, 31602752, 0, 11, 31606528, 13, 52032
109, 104108032, 8091, 9659, 32195360, 0, 11, 32194784, 13, 45312
110, 104108032, 8076, 9646, 32718816, 0, 11, 32718560, 13, 51472
111, 104108032, 8071, 9644, 30968016, 0, 11, 30971952, 13, 59920
112, 104108032, 8085, 9654, 31584944, 0, 11, 31584880, 13, 48832
113, 104108032, 8085, 9654, 32185152, 0, 11, 32189056, 13, 49424
114, 104108032, 8080, 9650, 32150256, 0, 11, 32153632, 13, 45312
115, 104108032, 8082, 9653, 31006896, 0, 11, 31006656, 13, 49408
116, 104108032, 8072, 9642, 32129344, 0, 11, 32133232, 13, 49424
117, 104108032, 8072, 9641, 32714192, 0, 11, 32714176, 13, 47360
118, 104108032, 8058, 9628, 32059792, 0, 11, 32064000, 13, 49424
119, 104108032, 8064, 9634, 31537232, 0, 11, 31541024, 13, 49408
120, 104108032, 8046, 9617, 33206640, 0, 11, 33210688, 13, 49424
121, 104108032, 8076, 9645, 33888864, 0, 11, 33888608, 13, 49360
122, 104108032, 8072, 9642, 31537232, 0, 11, 31541328, 13, 45728
123, 104108032, 8058, 9627, 30925472, 0, 11, 30929344, 13, 48016
124, 104108032, 8072, 9645, 30982320, 0, 11, 30982224, 13, 56224
125, 104108032, 8072, 9643, 30384112, 0, 11, 30388352, 13, 52128
126, 104108032, 8076, 9645, 32145184, 0, 11, 32148448, 13, 45712
127, 104108032, 8081, 9651, 32159968, 0, 11, 32159584, 13, 51472
128, 104108032, 8073, 9647, 30965568, 0, 11, 30965312, 13, 56400
129, 104108032, 8083, 9654, 31599216, 0, 11, 31606624, 13, 55824
130, 104108032, 8088, 9658, 32752848, 0, 11, 32756384, 13, 49424
131, 104108032, 7996, 9567, 31896000, 0, 11, 31899824, 13, 49408
132, 104108032, 7935, 9508, 30516848, 0, 11, 30520704, 13, 53760
133, 104108032, 7961, 9531, 31775792, 0, 11, 31779440, 13, 48832
134, 104108032, 7975, 9545, 31230752, 0, 11, 31234832, 13, 49424
135, 104108032, 7961, 9531, 31201216, 0, 11, 31204416, 13, 47360
136, 104108032, 7955, 9525, 31747456, 0, 11, 31755120, 13, 49424
137, 104108032, 8004, 9572, 31329824, 0, 11, 31329888, 13, 45312
138, 104108032, 7972, 9543, 32957120, 0, 11, 32961088, 13, 51472
139, 104108032, 7890, 9461, 30974912, 0, 11, 30978704, 13, 47360
140, 104108032, 7931, 9502, 31096608, 0, 11, 31100720, 13, 47360
141, 104108032, 7897, 9469, 31572736, 0, 11, 31576464, 13, 47360
142, 104108032, 7935, 9503, 32856800, 0, 11, 32856720, 13, 45312
143, 104108032, 7944, 9514, 32873904, 0, 11, 32877824, 13, 49424
144, 104108032, 7928, 9495, 29946544, 0, 11, 29953552, 13, 48336
145, 104108032, 7928, 9501, 30506704, 0, 11, 30514448, 13, 52112
146, 104108032, 7937, 9510, 29960336, 0, 11, 29963904, 13, 53904
147, 104108032, 7950, 9521, 30581088, 0, 11, 30581088, 13, 50064
148, 104108032, 7986, 9554, 32454112, 0, 11, 32457808, 13, 53520
149, 104108032, 7940, 9511, 31702176, 0, 11, 31706016, 13, 47360
150, 104108032, 7984, 9556, 30686320, 0, 11, 30690288, 13, 53760
151, 104108032, 7978, 9547, 31243184, 0, 11, 31242928, 13, 49152
152, 104108032, 7990, 9561, 31858672, 0, 11, 31862480, 13, 51472
153, 104108032, 7965, 9537, 31782480, 0, 11, 31786448, 13, 47360
154, 104108032, 7949, 9519, 31151520, 0, 11, 31155248, 13, 50880
155, 104108032, 7965, 9536, 31211616, 0, 11, 31211536, 13, 55824
156, 104108032, 7976, 9545, 31817280, 0, 11, 31817232, 13, 49424
157, 104108032, 7969, 9540, 31207664, 0, 11, 31211360, 13, 53264
158, 104108032, 7955, 9526, 31185152, 0, 11, 31184928, 13, 49408
159, 104108032, 7989, 9557, 31859712, 0, 11, 31859776, 13, 49424
160, 104108032, 7956, 9527, 31753904, 0, 11, 31757776, 13, 51472
161, 104108032, 7904, 9475, 31015936, 0, 11, 31019920, 13, 45312
162, 104108032, 7929, 9497, 31679600, 0, 11, 31687472, 13, 47360
163, 104108032, 7887, 9457, 32119824, 0, 11, 32119536, 13, 47360
164, 104108032, 7971, 9542, 34124464, 0, 11, 34128496, 13, 49424
165, 104108032, 7925, 9496, 30499920, 0, 11, 30503824, 13, 46544
166, 104108032, 7907, 9478, 30441552, 0, 11, 30449024, 13, 48016
167, 104108032, 7944, 9516, 30561072, 0, 11, 30564800, 13, 52112
168, 104108032, 7961, 9531, 30026208, 0, 11, 30030256, 13, 48016
169, 104108032, 7950, 9519, 31167952, 0, 11, 31171184, 13, 45712
170, 104108032, 7976, 9547, 32406016, 0, 11, 32409936, 13, 51472
171, 104108032, 7954, 9526, 30583696, 0, 11, 30583408, 13, 52288
172, 104108032, 7962, 9534, 31210816, 0, 11, 31222304, 13, 55824
173, 104108032, 8020, 9590, 31374512, 0, 11, 31385904, 13, 49152
174, 104108032, 7948, 9519, 32322240, 0, 11, 32321984, 13, 49408
175, 104108032, 7948, 9522, 31142688, 0, 11, 31146704, 13, 57872
176, 104108032, 7959, 9528, 31181792, 0, 11, 31185280, 13, 48832
177, 104108032, 7971, 9541, 31225120, 0, 11, 31225056, 13, 51472
178, 104108032, 7961, 9530, 31196528, 0, 11, 31196496, 13, 49424
179, 104108032, 7971, 9541, 31795104, 0, 11, 31795008, 13, 49424
180, 104108032, 7989, 9561, 30700304, 0, 11, 30703936, 13, 55312
181, 104108032, 7976, 9547, 32406816, 0, 11, 32406752, 13, 53568
182, 104108032, 7921, 9487, 32240224, 0, 11, 32244304, 13, 49424
183, 104108032, 7925, 9497, 31065040, 0, 11, 31069152, 13, 47360
184, 104108032, 7897, 9467, 31574160, 0, 11, 31577936, 13, 47360
185, 104108032, 7930, 9500, 32841936, 0, 11, 32845824, 13, 49424
186, 104108032, 7974, 9542, 32972848, 0, 11, 32972720, 13, 45312
187, 104108032, 7914, 9487, 29891824, 0, 12, 29895328, 13, 54496
188, 104108032, 7917, 9490, 30474544, 0, 11, 30478512, 13, 50064
189, 104108032, 7952, 9524, 30595760, 0, 11, 30599376, 13, 53904
190, 104108032, 7939, 9510, 30528480, 0, 11, 30532480, 13, 50064
191, 104108032, 7969, 9539, 31810448, 0, 11, 31810064, 13, 49408
192, 104108032, 7961, 9531, 31776208, 0, 11, 31776080, 13, 51472
193, 104108032, 7982, 9554, 30683696, 0, 11, 30683584, 13, 57872
194, 104108032, 7966, 9538, 31214512, 0, 11, 31218336, 13, 53264
195, 104108032, 7998, 9566, 31882176, 0, 11, 31881952, 13, 45312
196, 104108032, 8083, 9653, 32172896, 0, 12, 32172512, 13, 51472
197, 104108032, 8076, 9648, 31550912, 0, 11, 31554672, 13, 54992
198, 104108032, 8076, 9649, 31567312, 0, 11, 31571280, 13, 51712
199, 104108032, 8089, 9654, 32766880, 0, 11, 32771168, 13, 45312
200, 104108032, 8087, 9656, 31590912, 0, 11, 31590400, 13, 49152
201, 104108032, 8077, 9650, 31570608, 0, 11, 31574304, 13, 53520
202, 104108032, 8081, 9650, 32150352, 0, 11, 32154432, 13, 45312
203, 104108032, 8083, 9652, 32757056, 0, 11, 32760976, 13, 45312
204, 104108032, 8073, 9643, 31542080, 0, 11, 31546256, 13, 47360
205, 104108032, 8075, 9644, 32140464, 0, 11, 32140336, 13, 47360
206, 104108032, 8079, 9648, 32737040, 0, 11, 32736784, 13, 49424
207, 104108032, 8066, 9636, 34436704, 0, 11, 34440560, 13, 49424
208, 104108032, 8070, 9640, 30953888, 0, 11, 30953696, 13, 48336
209, 104108032, 8058, 9631, 30923808, 0, 11, 30928096, 13, 54176
210, 104108032, 8072, 9646, 30394384, 0, 11, 30396016, 13, 55952
211, 104108032, 8072, 9642, 30958304, 0, 11, 30958400, 13, 50080
212, 104108032, 8076, 9647, 32150944, 0, 11, 32150368, 13, 53520
213, 104108032, 8075, 9645, 32136240, 0, 11, 32135936, 13, 51472
214, 104108032, 8081, 9650, 30993632, 0, 11, 30997712, 13, 54352
215, 104108032, 8076, 9648, 32151232, 0, 11, 32155056, 13, 49152
216, 104108032, 8085, 9654, 32152784, 0, 11, 32156272, 13, 45312
217, 104108032, 8080, 9649, 32158640, 0, 11, 32158224, 13, 47360
218, 104108032, 8070, 9642, 31531248, 0, 11, 31535008, 13, 54992
219, 104108032, 8076, 9646, 31565744, 0, 11, 31565728, 13, 51712
220, 104108032, 8078, 9648, 32144560, 0, 11, 32144512, 13, 53520
221, 104108032, 8082, 9651, 31564944, 0, 11, 31568176, 13, 49424
222, 104108032, 8067, 9639, 32127104, 0, 11, 32130800, 13, 53520
223, 104108032, 8077, 9648, 31561424, 0, 11, 31565328, 13, 48832
224, 104108032, 8073, 9643, 32699808, 0, 12, 32703584, 13, 47360
225, 104108032, 8064, 9632, 32098976, 0, 11, 32099200, 13, 45312
226, 104108032, 8065, 9636, 32107616, 0, 11, 32111504, 13, 51472
227, 104108032, 8069, 9638, 32701760, 0, 11, 32705584, 13, 45312
228, 104108032, 8071, 9638, 33871600, 0, 11, 33875280, 13, 45312
229, 104108032, 8067, 9637, 30953296, 0, 11, 30964768, 13, 44496
230, 104108032, 8059, 9629, 31494528, 0, 11, 31498688, 13, 48016
231, 104108032, 8077, 9649, 30412816, 0, 11, 30412464, 13, 55952
232, 104108032, 8072, 9643, 30957040, 0, 11, 30961152, 13, 52128
233, 104108032, 8072, 9643, 32137312, 0, 11, 32140880, 13, 49408
234, 104108032, 8074, 9644, 32134560, 0, 11, 32138240, 13, 47360
235, 104108032, 8078, 9648, 30980784, 0, 11, 30984736, 13, 50240
236, 104108032, 8077, 9648, 32152832, 0, 11, 32156624, 13, 49152
237, 104108032, 8085, 9654, 32153040, 0, 11, 32156448, 13, 45312
238, 104108032, 8076, 9646, 32144032, 0, 11, 32147696, 13, 47360
239, 104108032, 8071, 9641, 31538224, 0, 11, 31538064, 13, 50880
240, 104108032, 8075, 9649, 30977184, 0, 11, 30981168, 13, 57872
241, 104108032, 8078, 9647, 32736544, 0, 11, 32740560, 13, 45312
242, 104108032, 8082, 9650, 31563712, 0, 11, 31566976, 13, 45312
243, 104108032, 8071, 9642, 32140352, 0, 11, 32144112, 13, 53520
244, 104108032, 8082, 9651, 31574640, 0, 11, 31574464, 13, 48832
245, 104108032, 8069, 9641, 32686400, 0, 11, 32690208, 13, 51472
246, 104108032, 8067, 9636, 31527392, 0, 11, 31531568, 13, 45312
247, 104108032, 8067, 9636, 32102608, 0, 11, 32106336, 13, 47360
248, 104108032, 8065, 9634, 33276688, 0, 11, 33276752, 13, 49424
249, 104108032, 8076, 9646, 33882704, 0, 11, 33886512, 13, 49424
250, 104108032, 8069, 9639, 30962128, 0, 11, 30962208, 13, 46544
251, 104108032, 8056, 9627, 31484976, 0, 11, 31489168, 13, 52128
252, 104108032, 8076, 9649, 30406944, 0, 11, 30410576, 13, 55952
253, 104108032, 8072, 9642, 30958800, 0, 11, 30962976, 13, 48016
254, 104108032, 8072, 9643, 32137280, 0, 11, 32140848, 13, 49408
255, 104108032, 8078, 9647, 32144560, 0, 11, 32144224, 13, 47360
256, 104108032, 8074, 9646, 30971568, 0, 11, 30975472, 13, 54352
257, 104108032, 8082, 9651, 32167664, 0, 11, 32167376, 13, 49152
258, 104108032, 8089, 9655, 32183872, 0, 11, 32187600, 13, 49424
259, 104108032, 7894, 9460, 31560864, 0, 11, 31564688, 13, 47360
260, 104108032, 7787, 9359, 30072768, 0, 11, 30071680, 13, 55808
261, 104108032, 7861, 9434, 30875712, 0, 11, 30879168, 13, 55824
262, 104108032, 7871, 9441, 30912624, 0, 11, 30916480, 13, 45312
263, 104108032, 7882, 9451, 31515136, 0, 11, 31514496, 13, 45312
264, 104108032, 7881, 9448, 30946256, 0, 11, 30949968, 13, 51472
265, 104108032, 7943, 9511, 31125136, 0, 11, 31124976, 13, 45312
266, 104108032, 7871, 9443, 32652672, 0, 11, 32652208, 13, 51472
267, 104108032, 7689, 9260, 30335504, 0, 11, 30338640, 13, 51472
268, 104108032, 7733, 9304, 29883536, 0, 11, 29887056, 13, 47360
269, 104108032, 7674, 9245, 30864144, 0, 11, 30870688, 13, 47360
270, 104108032, 7633, 9203, 31901904, 0, 11, 31904848, 13, 45312
271, 104108032, 7880, 9448, 32681824, 0, 11, 32685552, 13, 45312
272, 104108032, 7876, 9449, 29793888, 0, 11, 29797184, 13, 54080
273, 104108032, 7785, 9356, 30043680, 0, 11, 30043104, 13, 50064
274, 104108032, 7801, 9375, 30134528, 0, 11, 30137696, 13, 58016
275, 104108032, 7876, 9449, 29794352, 0, 11, 29798064, 13, 50064
276, 104108032, 7851, 9421, 31431280, 0, 11, 31430528, 13, 49408
277, 104108032, 7875, 9446, 31499904, 0, 11, 31499312, 13, 51472
278, 104108032, 7897, 9468, 30401072, 0, 11, 30400592, 13, 54352
279, 104108032, 7923, 9495, 31091760, 0, 11, 31091136, 13, 56144
280, 104108032, 7961, 9532, 31765600, 0, 11, 31769136, 13, 49424
281, 104108032, 7879, 9450, 31524992, 0, 11, 31528560, 13, 49408
282, 104108032, 7772, 9344, 30014608, 0, 11, 30013696, 13, 53760
283, 104108032, 7866, 9438, 31471376, 0, 11, 31478768, 13, 52944
284, 104108032, 7919, 9489, 31045936, 0, 11, 31045744, 13, 45312
285, 104108032, 7839, 9409, 30812432, 0, 11, 30815248, 13, 51472
286, 104108032, 7886, 9456, 30948784, 0, 11, 30952384, 13, 49424
287, 104108032, 7928, 9499, 31095920, 0, 11, 31099440, 13, 49152
288, 104108032, 7864, 9435, 32046048, 0, 11, 32049488, 13, 49408
289, 104108032, 7736, 9304, 31067904, 0, 11, 31067120, 13, 45312
290, 104108032, 7742, 9313, 30500928, 0, 11, 30500336, 13, 51472
291, 104108032, 7678, 9245, 30300336, 0, 11, 30303536, 13, 51472
292, 104108032, 7620, 9189, 31855792, 0, 11, 31854624, 13, 45312
293, 104108032, 7881, 9453, 32678304, 0, 11, 32682064, 13, 49424
294, 104108032, 7817, 9387, 30173728, 0, 11, 30172976, 13, 48336
295, 104108032, 7767, 9339, 29994432, 0, 11, 29993760, 13, 54176
296, 104108032, 7879, 9452, 29803136, 0, 11, 29802224, 13, 60064
297, 104108032, 7876, 9448, 29791328, 0, 11, 29795072, 13, 52128
298, 104108032, 7862, 9431, 31466560, 0, 11, 31469344, 13, 45712
299, 104108032, 7883, 9455, 31527216, 0, 11, 31530688, 13, 51472
300, 104108032, 7874, 9446, 30348112, 0, 11, 30347472, 13, 52288
301, 104108032, 7914, 9485, 31043216, 0, 11, 31050272, 13, 55824
302, 104108032, 7988, 9557, 31852640, 0, 11, 31852144, 13, 49424
303, 104108032, 7874, 9445, 31512496, 0, 11, 31512016, 13, 53520
304, 104108032, 7771, 9346, 30594752, 0, 11, 30598016, 13, 57872
305, 104108032, 7861, 9432, 30860624, 0, 11, 30867904, 13, 48832
306, 104108032, 7906, 9475, 31022736, 0, 11, 31022480, 13, 47360
307, 104108032, 7851, 9422, 30846320, 0, 11, 30849888, 13, 49424
308, 104108032, 7907, 9476, 31584272, 0, 11, 31587872, 13, 45312
309, 104108032, 7903, 9474, 30444624, 0, 11, 30448128, 13, 51200
310, 104108032, 7888, 9457, 32111296, 0, 11, 32110752, 13, 47360
311, 104108032, 7757, 9327, 31125920, 0, 11, 31125360, 13, 49424
312, 104108032, 7741, 9313, 30513440, 0, 11, 30512592, 13, 55312
313, 104108032, 7672, 9243, 30848224, 0, 11, 30851328, 13, 51472
314, 104108032, 7612, 9181, 30681104, 0, 11, 30683728, 13, 45312
315, 104108032, 7908, 9473, 33351200, 0, 11, 33355104, 13, 45312
316, 104108032, 7848, 9415, 30260112, 0, 11, 30263744, 13, 46544
317, 104108032, 7745, 9315, 29907120, 0, 11, 29914096, 13, 48016
318, 104108032, 7831, 9404, 30218608, 0, 11, 30222000, 13, 52112
319, 104108032, 7885, 9454, 29800896, 0, 11, 29800624, 13, 48016
320, 104108032, 7828, 9399, 31371264, 0, 11, 31378128, 13, 49824
321, 104108032, 7892, 9458, 31553296, 0, 11, 31556992, 13, 47360
322, 104108032, 7859, 9432, 30288576, 0, 11, 30291952, 13, 52288
323, 104108032, 7909, 9480, 30448768, 0, 11, 30455824, 13, 51712
324, 104108032, 7994, 9565, 31893696, 0, 11, 31892960, 13, 53264
325, 104108032, 7979, 9552, 32419392, 0, 11, 32422992, 13, 53520
326, 104108032, 8063, 9635, 31515632, 0, 11, 31519360, 13, 53760
327, 104108032, 8078, 9648, 31566192, 0, 11, 31569888, 13, 48832
328, 104108032, 8081, 9649, 32158864, 0, 11, 32158704, 13, 45312
329, 104108032, 8070, 9641, 31532176, 0, 11, 31539200, 13, 51472
330, 104108032, 8078, 9648, 31561984, 0, 11, 31565808, 13, 45312
331, 104108032, 8078, 9648, 31582064, 0, 11, 31585520, 13, 49152
332, 104108032, 8064, 9633, 33850400, 0, 12, 33854272, 13, 47360
333, 104108032, 8060, 9626, 31507792, 0, 11, 31512000, 13, 47360
334, 104108032, 8060, 9629, 31485680, 0, 11, 31485744, 13, 47360
335, 104108032, 8047, 9616, 32067152, 0, 11, 32071360, 13, 55536
336, 104108032, 8065, 9634, 33838656, 0, 11, 33842480, 13, 45312
337, 104108032, 8072, 9640, 32705552, 0, 11, 32705520, 13, 45312
338, 104108032, 8048, 9619, 30886400, 0, 11, 30894080, 13, 52304
339, 104108032, 8063, 9636, 30938768, 0, 11, 30942752, 13, 52112
340, 104108032, 8063, 9635, 30351424, 0, 11, 30355440, 13, 50064
341, 104108032, 8065, 9636, 31530944, 0, 11, 31538912, 13, 47184
342, 104108032, 8070, 9642, 32119440, 0, 11, 32122944, 13, 49408
343, 104108032, 8074, 9644, 31554960, 0, 11, 31558544, 13, 47360
344, 104108032, 8073, 9645, 31549824, 0, 11, 31549808, 13, 51712
345, 104108032, 8089, 9659, 32186944, 0, 11, 32183952, 13, 53264
346, 104108032, 8074, 9646, 32717456, 0, 11, 32716880, 13, 55584
347, 104108032, 8070, 9639, 30970240, 0, 11, 30971968, 13, 57872
348, 104108032, 8075, 9645, 32135216, 0, 11, 32134896, 13, 50896
349, 104108032, 8076, 9649, 31558592, 0, 11, 31562512, 13, 51472
350, 104108032, 8073, 9641, 31543168, 0, 11, 31542784, 13, 45312
351, 104108032, 8079, 9649, 32145968, 0, 11, 32149792, 13, 49424
352, 104108032, 8075, 9646, 31555520, 0, 11, 31558912, 13, 49152
353, 104108032, 8064, 9634, 33277920, 0, 11, 33281792, 13, 47360
354, 104108032, 8055, 9624, 32064528, 0, 11, 32064464, 13, 47360
355, 104108032, 8062, 9632, 31511408, 0, 11, 31511504, 13, 51472
356, 104108032, 8056, 9628, 32071024, 0, 11, 32075008, 13, 51472
357, 104108032, 8053, 9621, 33821952, 0, 11, 33821760, 13, 45312
358, 104108032, 8072, 9641, 32704288, 0, 11, 32704256, 13, 49424
359, 104108032, 8049, 9620, 30871856, 0, 11, 30879408, 13, 48608
360, 104108032, 8064, 9635, 30953344, 0, 11, 30953376, 13, 52112
361, 104108032, 8063, 9636, 30350928, 0, 11, 30355040, 13, 54176
362, 104108032, 8071, 9640, 31542720, 0, 11, 31546544, 13, 47184
363, 104108032, 8072, 9645, 32125840, 0, 11, 32129440, 13, 53520
364, 104108032, 8075, 9644, 31557616, 0, 11, 31557120, 13, 47360
365, 104108032, 8070, 9643, 31539840, 0, 11, 31543904, 13, 55824
366, 104108032, 8089, 9655, 32198816, 0, 11, 32198160, 13, 49152
367, 104108032, 8075, 9646, 32719680, 0, 11, 32719072, 13, 53520
368, 104108032, 8074, 9646, 30977424, 0, 11, 30977264, 13, 57872
369, 104108032, 8075, 9645, 32121408, 0, 11, 32121120, 13, 52944
370, 104108032, 8081, 9652, 31572432, 0, 11, 31572272, 13, 51472
371, 104108032, 8076, 9642, 31569440, 0, 11, 31573424, 13, 49424
372, 104108032, 8079, 9648, 32147312, 0, 11, 32151072, 13, 45312
373, 104108032, 8076, 9646, 31564576, 0, 11, 31568096, 13, 49152
374, 104108032, 8068, 9638, 32702832, 0, 11, 32702576, 13, 49408
375, 104108032, 8056, 9625, 32055168, 0, 11, 32055200, 13, 49424
376, 104108032, 8059, 9629, 31500896, 0, 11, 31500992, 13, 51472
377, 104108032, 8059, 9629, 32668544, 0, 11, 32668480, 13, 51472
378, 104108032, 8054, 9624, 33235328, 0, 11, 33235184, 13, 49424
379, 104108032, 8074, 9640, 33301760, 0, 11, 33306032, 13, 49424
380, 104108032, 8049, 9621, 30298832, 0, 11, 30306160, 13, 48336
381, 104108032, 8070, 9641, 30963856, 0, 11, 30967792, 13, 52112
382, 104108032, 8059, 9631, 30934288, 0, 11, 30938560, 13, 54176
383, 104108032, 8070, 9642, 30954208, 0, 11, 30957840, 13, 53904
384, 104108032, 8071, 9644, 32713248, 0, 11, 32712736, 13, 53520
385, 104108032, 8071, 9642, 31541904, 0, 11, 31545424, 13, 51472
386, 104108032, 8070, 9642, 31540448, 0, 11, 31544480, 13, 51712
387, 104108032, 8088, 9658, 31600176, 0, 11, 31599520, 13, 49152
388, 104108032, 8036, 9607, 32615152, 0, 11, 32618736, 13, 53520
389, 104108032, 8001, 9572, 31321552, 0, 11, 31321296, 13, 53760
390, 104108032, 7963, 9535, 31191104, 0, 11, 31194848, 13, 54992
391, 104108032, 7972, 9543, 31216736, 0, 11, 31220624, 13, 48192
392, 104108032, 7980, 9548, 31841808, 0, 11, 31841680, 13, 45312
393, 104108032, 7985, 9554, 31258496, 0, 11, 31258368, 13, 49424
394, 104108032, 7990, 9562, 31290112, 0, 11, 31293680, 13, 55312
395, 104108032, 8001, 9571, 32475888, 0, 11, 32479680, 13, 47360
396, 104108032, 7942, 9513, 31713904, 0, 11, 31717952, 13, 45312
397, 104108032, 7919, 9491, 31066496, 0, 11, 31070032, 13, 51200
398, 104108032, 7917, 9487, 31637312, 0, 11, 31641040, 13, 47360
399, 104108032, 7902, 9470, 32742464, 0, 12, 32746256, 13, 45312
400, 104108032, 7985, 9553, 33008784, 0, 11, 33008496, 13, 45312
401, 104108032, 7955, 9526, 30597984, 0, 11, 30601456, 13, 52448
402, 104108032, 7921, 9493, 30485152, 0, 11, 30484944, 13, 50064
403, 104108032, 7959, 9533, 30040112, 0, 11, 30039504, 13, 60064
404, 104108032, 7952, 9523, 30575744, 0, 11, 30579824, 13, 52128
405, 104108032, 7974, 9546, 31834256, 0, 11, 31837696, 13, 49408
406, 104108032, 7984, 9554, 31832336, 0, 11, 31835984, 13, 47360
407, 104108032, 7986, 9557, 30694816, 0, 11, 30698544, 13, 50240
408, 104108032, 7991, 9562, 31299584, 0, 11, 31299056, 13, 52032
409, 104108032, 8026, 9594, 32567184, 0, 11, 32566976, 13, 49424
410, 104108032, 7979, 9550, 31819600, 0, 11, 31819472, 13, 51472
411, 104108032, 7982, 9556, 30676784, 0, 11, 30680320, 13, 59920
412, 104108032, 7964, 9535, 31206048, 0, 11, 31209936, 13, 51712
413, 104108032, 7997, 9566, 31878624, 0, 11, 31882560, 13, 45312
414, 104108032, 7977, 9546, 31836432, 0, 11, 31840096, 13, 45312
415, 104108032, 7977, 9548, 30657520, 0, 11, 30661264, 13, 49408
416, 104108032, 8005, 9574, 31906672, 0, 11, 31906576, 13, 45312
417, 104108032, 7976, 9547, 32394992, 0, 12, 32398800, 13, 51472
418, 104108032, 7906, 9478, 31028688, 0, 11, 31032576, 13, 47360
419, 104108032, 7959, 9528, 31753824, 0, 11, 31753600, 13, 47360
420, 104108032, 7884, 9454, 32115920, 0, 12, 32119680, 13, 49424
421, 104108032, 7965, 9534, 32945472, 0, 11, 32949296, 13, 47360
422, 104108032, 7956, 9526, 31750592, 0, 11, 31750368, 13, 49424
423, 104108032, 7924, 9494, 30481040, 0, 11, 30488272, 13, 48608
424, 104108032, 7937, 9509, 30554832, 0, 11, 30558496, 13, 52112
425, 104108032, 7957, 9530, 30015648, 0, 11, 30019600, 13, 50064
426, 104108032, 7965, 9534, 31205904, 0, 11, 31209600, 13, 47184
427, 104108032, 7998, 9570, 31892928, 0, 11, 31892384, 13, 57584
428, 104108032, 7972, 9542, 31233360, 0, 11, 31237008, 13, 51472
429, 104108032, 7979, 9549, 31236784, 0, 11, 31236576, 13, 51712
430, 104108032, 8020, 9591, 31393664, 0, 11, 31397152, 13, 53264
431, 104108032, 7982, 9554, 32426400, 0, 11, 32430080, 13, 49408
432, 104108032, 8001, 9572, 31322016, 0, 11, 31321824, 13, 53760
433, 104108032, 7962, 9535, 31188896, 0, 11, 31192672, 13, 54992
434, 104108032, 7979, 9549, 31240432, 0, 12, 31240240, 13, 48192
435, 104108032, 7985, 9555, 31855968, 0, 11, 31859856, 13, 49424
436, 104108032, 7985, 9553, 31256256, 0, 11, 31256128, 13, 45312
437, 104108032, 7993, 9565, 31302448, 0, 11, 31306048, 13, 55312
438, 104108032, 7996, 9567, 32476320, 0, 11, 32480176, 13, 47360
439, 104108032, 7938, 9508, 31681840, 0, 11, 31685824, 13, 45312
440, 104108032, 7922, 9494, 31077216, 0, 11, 31080976, 13, 51200
441, 104108032, 7925, 9495, 31659488, 0, 11, 31659072, 13, 47360
442, 104108032, 7909, 9479, 32190256, 0, 11, 32193968, 13, 49424
443, 104108032, 7985, 9554, 33595744, 0, 12, 33599600, 13, 45312
444, 104108032, 7951, 9517, 30588080, 0, 11, 30591872, 13, 48336
445, 104108032, 7920, 9493, 30479648, 0, 11, 30483552, 13, 50064
446, 104108032, 7966, 9538, 30059760, 0, 11, 30055104, 13, 55952
447, 104108032, 7946, 9518, 30560544, 0, 11, 30564592, 13, 56240
448, 104108032, 7975, 9547, 31823168, 0, 11, 31826544, 13, 49408
449, 104108032, 7982, 9553, 31843744, 0, 11, 31847520, 13, 47360
450, 104108032, 7978, 9549, 30658064, 0, 11, 30661776, 13, 50240
451, 104108032, 7993, 9564, 31323328, 0, 11, 31326912, 13, 52032
452, 104108032, 8029, 9598, 31989376, 0, 11, 31988992, 13, 49296
453, 104108032, 8062, 9629, 32674080, 0, 11, 32677904, 13, 51472
454, 104108032, 8079, 9652, 30984432, 0, 11, 30983920, 13, 55808
455, 104108032, 8076, 9650, 31566752, 0, 11, 31570736, 13, 55824
456, 104108032, 8079, 9648, 32138432, 0, 11, 32142272, 13, 45312
457, 104108032, 8084, 9652, 32169760, 0, 11, 32169216, 13, 45312
458, 104108032, 8074, 9647, 31554672, 0, 11, 31558384, 13, 53520
459, 104108032, 8080, 9649, 32166784, 0, 11, 32166576, 13, 48832
460, 104108032, 8076, 9647, 32709344, 0, 11, 32713056, 13, 51472
461, 104108032, 8070, 9639, 31542240, 0, 11, 31542272, 13, 45312
462, 104108032, 8073, 9640, 32138352, 0, 11, 32146128, 13, 51472
463, 104108032, 8069, 9638, 32704528, 0, 11, 32708608, 13, 47360
464, 104108032, 8068, 9639, 34420160, 0, 11, 34427728, 13, 45312
465, 104108032, 8078, 9648, 30987568, 0, 11, 30987456, 13, 46544
466, 104108032, 8061, 9631, 30928304, 0, 11, 30931984, 13, 52128
467, 104108032, 8072, 9645, 30978960, 0, 11, 30982848, 13, 56224
468, 104108032, 8072, 9642, 30379168, 0, 11, 30383376, 13, 48016
469, 104108032, 8082, 9651, 32153744, 0, 11, 32156496, 13, 45712
470, 104108032, 8074, 9644, 32710416, 0, 11, 32710048, 13, 51472
471, 104108032, 8074, 9648, 30969984, 0, 11, 30973904, 13, 57232
472, 104108032, 8084, 9655, 31603648, 0, 11, 31603280, 13, 52032
473, 104108032, 8094, 9663, 32202592, 0, 11, 32201888, 13, 49424
474, 104108032, 8079, 9649, 32724656, 0, 11, 32724208, 13, 51472
475, 104108032, 8082, 9655, 31007968, 0, 11, 31007456, 13, 59920
476, 104108032, 8077, 9650, 31569696, 0, 11, 31573680, 13, 55824
477, 104108032, 8082, 9651, 32143952, 0, 11, 32147760, 13, 45312
478, 104108032, 8079, 9649, 32154544, 0, 11, 32158048, 13, 45312
479, 104108032, 8074, 9646, 31554176, 0, 11, 31557856, 13, 49408
480, 104108032, 8077, 9647, 32137184, 0, 11, 32140992, 13, 48832
481, 104108032, 8075, 9645, 32722672, 0, 11, 32726352, 13, 47360
482, 104108032, 8067, 9636, 31532224, 0, 11, 31532288, 13, 45312
483, 104108032, 8070, 9640, 32110256, 0, 11, 32113952, 13, 51472
484, 104108032, 8069, 9639, 32702640, 0, 11, 32702544, 13, 51472
485, 104108032, 8068, 9638, 34436496, 0, 11, 34444144, 13, 49424
486, 104108032, 8078, 9646, 30994048, 0, 11, 30998240, 13, 46544
487, 104108032, 8062, 9631, 30916816, 0, 11, 30920496, 13, 48016
488, 104108032, 8072, 9645, 30979808, 0, 11, 30983664, 13, 56224
489, 104108032, 8072, 9642, 30377056, 0, 11, 30381232, 13, 48016
490, 104108032, 8078, 9648, 32140880, 0, 11, 32147744, 13, 45712
491, 104108032, 8077, 9647, 32144448, 0, 11, 32148112, 13, 47360
492, 104108032, 8076, 9646, 31567472, 0, 11, 31567216, 13, 47360
493, 104108032, 8080, 9654, 31575072, 0, 11, 31578720, 13, 56144
494, 104108032, 8094, 9662, 32201872, 0, 11, 32201136, 13, 45312
495, 104108032, 8078, 9648, 32738448, 0, 11, 32742176, 13, 51472
496, 104108032, 8071, 9646, 30954576, 0, 11, 30958304, 13, 55808
497, 104108032, 8078, 9649, 31572608, 0, 11, 31572544, 13, 51712
498, 104108032, 8082, 9652, 32145024, 0, 11, 32148800, 13, 49424
499, 104108032, 8079, 9649, 32153632, 0, 11, 32157104, 13, 45312
500, 104108032, 8079, 9649, 31569552, 0, 11, 31569248, 13, 49408
501, 104108032, 8079, 9650, 32163488, 0, 11, 32167264, 13, 52944
502, 104108032, 8072, 9643, 32696544, 0, 11, 32700256, 13, 47360
503, 104108032, 8071, 9639, 31541600, 0, 11, 31541600, 13, 45312
504, 104108032, 8069, 9640, 32105312, 0, 11, 32113024, 13, 51472
505, 104108032, 8069, 9638, 32704528, 0, 11, 32704432, 13, 47360
506, 104108032, 8067, 9637, 34434464, 0, 11, 34442096, 13, 49424
507, 104108032, 8074, 9645, 30977456, 0, 11, 30981520, 13, 46544
508, 104108032, 8061, 9630, 30926688, 0, 11, 30934512, 13, 48016
509, 104108032, 8073, 9645, 30965600, 0, 11, 30965344, 13, 52112
510, 104108032, 8076, 9646, 30390976, 0, 11, 30391104, 13, 52128
511, 104108032, 8076, 9648, 32157312, 0, 11, 32164304, 13, 49824
512, 104108032, 8082, 9648, 32158256, 0, 11, 32162048, 13, 47360
513, 104108032, 8070, 9641, 31526144, 0, 11, 31529984, 13, 47360
514, 104108032, 8080, 9652, 31588160, 0, 11, 31591808, 13, 52032
515, 104108032, 8092, 9660, 32176272, 0, 11, 32175504, 13, 45312
1, 2486272, 2, 14, 11168, 0, 0, 10592, 0, 0
2, 6557696, 0, 610, 0, 0, 2, 0, 3, 23648
3, 17420288, 523, 1742, 2137184, 0, 5, 2137184, 7, 23648
4, 40235008, 227, 1727, 9437392, 0, 9, 7568784, 12, 56496
5, 70545408, 3463, 5032, 16405840, 0, 12, 16401424, 12, 1895424
6, 104099840, 8685, 10259, 33868432, 0, 11, 33865088, 12, 64032
7, 104099840, 8609, 10179, 34195184, 0, 11, 34195840, 12, 52944
8, 104099840, 8661, 10232, 33726880, 0, 11, 33729936, 12, 49504
9, 104099840, 8585, 10155, 34071888, 0, 11, 34072656, 12, 51552
10, 104099840, 8582, 10155, 34063456, 0, 11, 34068336, 12, 49504
11, 104099840, 8641, 10213, 33646064, 0, 11, 33651184, 12, 45392
12, 104099840, 8408, 9982, 34598304, 0, 11, 33999728, 13, 53584
13, 104099840, 8184, 9755, 32142592, 0, 11, 32146448, 13, 648496
14, 104099840, 8352, 9923, 32682880, 0, 11, 32687376, 12, 53584
15, 104099840, 8092, 9662, 33016336, 0, 11, 33019888, 12, 45392
16, 104099840, 8402, 9971, 34590848, 0, 11, 34593264, 12, 49488
17, 104099840, 8360, 9930, 33859376, 0, 11, 33855648, 13, 51552
18, 104099840, 8281, 9849, 31880112, 0, 11, 31887808, 12, 56896
19, 104099840, 8334, 9905, 32043280, 0, 11, 32047488, 13, 52112
20, 104099840, 8377, 9948, 31598944, 0, 11, 31601376, 12, 48016
21, 104099840, 8374, 9942, 33338864, 0, 11, 33343200, 12, 43760
22, 104099840, 8424, 9991, 33498448, 0, 11, 33503088, 12, 53600
23, 104099840, 8427, 9996, 32334304, 0, 23, 32334592, 13, 49488
24, 104099840, 8476, 10048, 33648032, 0, 11, 33638992, 12, 57040
25, 104099840, 8543, 10115, 33873632, 0, 11, 33878416, 12, 62768
26, 104099840, 8388, 9957, 33953696, 0, 11, 33958160, 12, 45392
27, 104099840, 8283, 9857, 31884640, 0, 11, 31888848, 12, 55808
28, 104099840, 8415, 9986, 33459904, 0, 11, 33464192, 12, 52928
29, 104099840, 8451, 10021, 32979296, 0, 11, 32390144, 13, 53600
30, 104099840, 8420, 9992, 33486336, 0, 11, 33490944, 12, 643440
31, 104099840, 8420, 9990, 32880256, 0, 11, 32880768, 12, 49488
32, 104099840, 8486, 10056, 33686928, 0, 11, 33691696, 12, 49504
33, 104099840, 8391, 9960, 33959216, 0, 11, 33373744, 13, 45392
34, 104099840, 8215, 9785, 32247840, 0, 11, 32252048, 12, 635232
35, 104099840, 8363, 9928, 33293520, 0, 11, 33298112, 12, 45392
36, 104099840, 8083, 9649, 32996512, 0, 11, 33000224, 12, 49488
37, 104099840, 8319, 9892, 34857744, 0, 11, 34862256, 12, 49488
38, 104099840, 8269, 9840, 32367616, 0, 11, 32371856, 12, 49488
39, 104099840, 8168, 9738, 32058912, 0, 11, 32062272, 12, 48672
40, 104099840, 8255, 9826, 31189648, 0, 11, 31193760, 12, 52128
41, 104099840, 8290, 9863, 31283984, 0, 11, 31286320, 12, 52112
42, 104099840, 8289, 9858, 33012112, 0, 11, 33020304, 13, 43760
43, 104099840, 8312, 9883, 33092384, 0, 11, 33092736, 12, 49488
44, 104099840, 8331, 9905, 32589744, 0, 11, 32590096, 12, 59360
45, 104099840, 8373, 9947, 32712528, 0, 11, 32724512, 12, 64016
46, 104099840, 8451, 10021, 33533568, 0, 11, 33538192, 12, 49456
47, 104099840, 8299, 9867, 33644112, 0, 11, 33644368, 12, 45392
48, 104099840, 8209, 9783, 31613360, 0, 11, 31609216, 12, 64016
49, 104099840, 8328, 9901, 33159392, 0, 11, 33163408, 12, 61152
50, 104099840, 8375, 9946, 32709136, 0, 11, 32709600, 12, 57712
51, 104099840, 8332, 9901, 33166944, 0, 11, 33167200, 12, 49488
52, 104099840, 8344, 9915, 32622544, 0, 11, 32622928, 12, 53600
53, 104099840, 8418, 9990, 33433728, 0, 11, 33438464, 12, 53600
54, 104099840, 8281, 9850, 33569552, 0, 11, 33575728, 12, 45392
55, 104099840, 8137, 9707, 31955936, 0, 11, 31959792, 13, 47456
56, 104099840, 8264, 9834, 32948048, 0, 11, 32952384, 12, 49488
57, 104099840, 7990, 9560, 32087520, 0, 11, 32086864, 12, 49488
58, 104099840, 8317, 9891, 34849920, 0, 11, 34854320, 12, 53600
59, 104099840, 8274, 9842, 32979264, 0, 11, 32981568, 12, 45392
60, 104099840, 8177, 9744, 31499600, 0, 11, 31507040, 12, 50736
61, 104099840, 8242, 9813, 31713360, 0, 11, 31713424, 12, 52112
62, 104099840, 8293, 9866, 31288352, 0, 11, 31290688, 13, 56224
63, 104099840, 8265, 9833, 32946016, 0, 11, 32954368, 12, 43760
64, 104099840, 8309, 9879, 33072192, 0, 11, 33076560, 12, 49488
65, 104099840, 8314, 9884, 31949488, 0, 11, 31953744, 12, 49488
66, 104099840, 8384, 9954, 32735200, 0, 11, 32735840, 12, 51712
67, 104099840, 8445, 10015, 33518384, 0, 11, 33518720, 12, 53344
68, 104099840, 8452, 10023, 34133872, 0, 11, 34138288, 12, 49504
69, 104099840, 8590, 10162, 33392576, 0, 24, 33393360, 13, 51712
70, 104099840, 8499, 10071, 33642880, 0, 11, 33651312, 12, 57040
71, 104099840, 8500, 10071, 33654192, 0, 11, 33658976, 13, 49488
72, 104099840, 8497, 10071, 33647920, 0, 11, 33656224, 12, 45392
73, 104099840, 8502, 10071, 33070272, 0, 11, 33074608, 12, 45376
74, 104099840, 8494, 10064, 33627488, 0, 11, 33628144, 12, 52896
75, 104099840, 8404, 9970, 34492048, 0, 11, 33906560, 12, 53600
76, 104099840, 8464, 10031, 32939024, 0, 11, 32944288, 13, 639328
77, 104099840, 8423, 9993, 33953328, 0, 11, 33953888, 12, 49488
78, 104099840, 8385, 9951, 34433856, 0, 11, 33847856, 12, 53600
79, 104099840, 8241, 9813, 33874224, 0, 11, 33866016, 12, 639328
80, 104099840, 8241, 9812, 31573280, 0, 11, 31558816, 12, 65792
81, 104099840, 8233, 9806, 31537696, 0, 11, 31538208, 12, 70768
82, 104099840, 8250, 9822, 31618784, 0, 11, 31618800, 12, 60064
83, 104099840, 8238, 9810, 31560560, 0, 11, 31565008, 13, 56224
84, 104099840, 8252, 9821, 33350384, 0, 11, 33354384, 12, 49488
85, 104099840, 8247, 9817, 32747984, 0, 11, 32752096, 12, 45392
86, 104099840, 8259, 9830, 31630080, 0, 11, 31630336, 12, 55808
87, 104099840, 8257, 9829, 32785760, 0, 11, 32789552, 13, 57440
88, 104099840, 8258, 9828, 33374928, 0, 11, 33374576, 12, 49488
89, 104099840, 8257, 9829, 32214288, 0, 11, 32218576, 12, 55824
90, 104099840, 8241, 9811, 32139344, 0, 11, 32122160, 12, 52928
91, 104099840, 8259, 9829, 32781312, 0, 11, 32781456, 13, 66880
92, 104099840, 8251, 9822, 32183856, 0, 11, 32188016, 12, 53600
93, 104099840, 8260, 9828, 32794880, 0, 11, 32794928, 12, 45392
94, 104099840, 8258, 9827, 32216224, 0, 11, 32216064, 13, 53344
95, 104099840, 8247, 9817, 33332368, 0, 11, 33332512, 12, 53600
96, 104099840, 8233, 9803, 33287472, 0, 11, 33287872, 12, 53600
97, 104099840, 8239, 9809, 32141440, 0, 11, 32145984, 12, 49504
98, 104099840, 8229, 9799, 32687328, 0, 11, 32687520, 12, 49488
99, 104099840, 8240, 9811, 34482640, 0, 11, 34486864, 12, 53600
100, 104099840, 8246, 9815, 33317168, 0, 21, 33321552, 13, 45392
101, 104099840, 8230, 9799, 31525376, 0, 11, 31529200, 13, 48672
102, 104099840, 8249, 9819, 31618384, 0, 11, 31622736, 13, 52128
103, 104099840, 8245, 9816, 30986992, 0, 11, 30987360, 12, 52112
104, 104099840, 8247, 9816, 32754720, 0, 11, 32763024, 12, 45808
105, 104099840, 8246, 9815, 33317968, 0, 11, 33322000, 12, 49488
106, 104099840, 8249, 9822, 31589936, 0, 11, 31594032, 12, 55248
107, 104099840, 8251, 9822, 32187552, 0, 11, 32195296, 12, 51712
108, 104099840, 8269, 9839, 32831408, 0, 11, 32834944, 12, 53600
109, 104099840, 8258, 9824, 33377168, 0, 11, 33381296, 12, 49504
110, 104099840, 8246, 9817, 31578240, 0, 11, 31572304, 12, 51712
111, 104099840, 8251, 9824, 32767760, 0, 11, 32776000, 12, 63216
112, 104099840, 8257, 9826, 32195872, 0, 11, 32195856, 13, 49488
113, 104099840, 8253, 9823, 33358688, 0, 11, 33362160, 12, 49504
114, 104099840, 8256, 9825, 32209616, 0, 11, 32213760, 12, 53600
115, 104099840, 8245, 9816, 32736688, 0, 11, 32736928, 12, 52928
116, 104099840, 8243, 9815, 33314592, 0, 11, 33318800, 12, 53600
117, 104099840, 8231, 9802, 32107920, 0, 11, 32112464, 12, 53584
118, 104099840, 8227, 9798, 32693312, 0, 11, 32701488, 12, 49456
119, 104099840, 8226, 9795, 33270560, 0, 11, 33270800, 12, 49488
120, 104099840, 8153, 9726, 34735792, 0, 11, 34743792, 13, 53600
121, 104099840, 8153, 9724, 31262928, 0, 11, 31267248, 12, 48672
122, 104099840, 8136, 9708, 31777024, 0, 11, 31779440, 12, 52112
123, 104099840, 8165, 9734, 30737744, 0, 11, 30741808, 12, 53920
124, 104099840, 8157, 9727, 31264576, 0, 11, 31264864, 12, 52112
125, 104099840, 8159, 9729, 32443952, 0, 11, 32443840, 12, 53600
126, 104099840, 8160, 9730, 32437232, 0, 11, 32436960, 13, 53600
127, 104099840, 8169, 9740, 31299664, 0, 11, 31299760, 13, 56480
128, 104099840, 8165, 9737, 32462576, 0, 11, 32458352, 12, 57440
129, 104099840, 8170, 9743, 32472384, 0, 11, 32476112, 12, 57712
130, 104099840, 8041, 9611, 32063696, 0, 11, 32067776, 12, 45392
131, 104099840, 8045, 9612, 31496096, 0, 11, 31500336, 12, 52928
132, 104099840, 8037, 9605, 30890304, 0, 11, 30894480, 12, 55808
133, 104099840, 8049, 9619, 32656832, 0, 11, 32656960, 12, 49488
134, 104099840, 8064, 9630, 31571024, 0, 11, 31578752, 12, 49504
135, 104099840, 8051, 9620, 31507184, 0, 11, 31507104, 12, 49488
136, 104099840, 8076, 9648, 32173136, 0, 11, 32177328, 12, 52944
137, 104099840, 8031, 9601, 32620048, 0, 11, 32620096, 12, 49488
138, 104099840, 7990, 9561, 31320032, 0, 11, 31320064, 12, 53600
139, 104099840, 8020, 9590, 31990784, 0, 11, 31994736, 12, 53600
140, 104099840, 7964, 9534, 32398768, 0, 11, 32398544, 12, 53600
141, 104099840, 8051, 9622, 33844208, 0, 11, 33852304, 13, 53600
142, 104099840, 8010, 9579, 31380288, 0, 11, 31380336, 12, 45792
143, 104099840, 7996, 9567, 30753216, 0, 11, 30756736, 12, 56224
144, 104099840, 8033, 9604, 30888256, 0, 11, 30892176, 12, 52128
145, 104099840, 8042, 9613, 30314896, 0, 11, 30311040, 12, 52112
146, 104099840, 8036, 9606, 32050576, 0, 11, 32053840, 13, 49920
147, 104099840, 8065, 9636, 32145408, 0, 11, 32149456, 12, 53600
148, 104099840, 8046, 9616, 30922208, 0, 11, 30922112, 13, 48272
149, 104099840, 8047, 9620, 31495600, 0, 11, 31503072, 12, 59920
150, 104099840, 8103, 9673, 32270432, 0, 11, 32278288, 12, 49504
151, 104099840, 8045, 9614, 32080800, 0, 11, 32080832, 12, 49488
152, 104099840, 8015, 9589, 31392464, 0, 11, 31396544, 12, 59920
153, 104099840, 8049, 9619, 31496208, 0, 11, 31493712, 12, 52928
154, 104099840, 8071, 9642, 32165552, 0, 11, 31575840, 12, 55680
155, 104099840, 8044, 9615, 31488208, 0, 11, 31495600, 13, 639344
156, 104099840, 8038, 9606, 32050080, 0, 11, 32054016, 13, 49456
157, 104099840, 8085, 9654, 31615616, 0, 11, 31619920, 12, 49504
158, 104099840, 8068, 9637, 33305008, 0, 11, 33309104, 12, 45392
159, 104099840, 7980, 9549, 31288576, 0, 11, 31288512, 12, 45392
160, 104099840, 8018, 9588, 31399440, 0, 11, 31403648, 12, 49504
161, 104099840, 7985, 9551, 31898496, 0, 11, 31902608, 12, 45392
162, 104099840, 8020, 9590, 33736048, 0, 11, 33740192, 12, 49488
163, 104099840, 8022, 9592, 32579184, 0, 11, 32579248, 12, 52368
164, 104099840, 7996, 9571, 30186640, 0, 11, 30189680, 12, 60720
165, 104099840, 8023, 9596, 30835376, 0, 11, 30843216, 12, 56224
166, 104099840, 8017, 9589, 30838176, 0, 11, 30842256, 12, 52112
167, 104099840, 8036, 9606, 30897472, 0, 11, 30901168, 12, 51856
168, 104099840, 8072, 9643, 32164128, 0, 11, 32163872, 12, 53600
169, 104099840, 8032, 9603, 32023744, 0, 11, 32027616, 12, 49504
170, 104099840, 8066, 9637, 30997328, 0, 11, 31001680, 12, 55808
171, 104099840, 8065, 9636, 32136592, 0, 11, 32140464, 13, 53328
172, 104099840, 8067, 9636, 32728144, 0, 11, 32731984, 12, 45392
173, 104099840, 8047, 9619, 31495504, 0, 11, 31499584, 12, 55808
174, 104099840, 8022, 9595, 31420448, 0, 11, 31424352, 12, 57024
175, 104099840, 8052, 9619, 31530240, 0, 11, 31534544, 12, 48272
176, 104099840, 8049, 9614, 32085904, 0, 11, 31499792, 12, 49488
177, 104099840, 8055, 9626, 31513920, 0, 11, 31514656, 12, 643424
178, 104099840, 8063, 9635, 31558176, 0, 11, 31557888, 12, 61536
179, 104099840, 8065, 9636, 32717376, 0, 11, 32717472, 12, 53600
180, 104099840, 8017, 9589, 31410208, 0, 11, 31410048, 13, 57440
181, 104099840, 7999, 9571, 31334112, 0, 11, 31338224, 13, 49504
182, 104099840, 7991, 9562, 32486736, 0, 11, 32490720, 12, 53584
183, 104099840, 7994, 9563, 32499248, 0, 11, 32503152, 12, 45392
184, 104099840, 8062, 9630, 33879152, 0, 11, 33879248, 12, 45392
185, 104099840, 8010, 9582, 30803424, 0, 11, 30807184, 13, 56624
186, 104099840, 8000, 9572, 30765472, 0, 11, 30769600, 12, 52112
187, 104099840, 8040, 9608, 30352928, 0, 11, 30356752, 12, 51856
188, 104099840, 8033, 9604, 30875376, 0, 11, 30875632, 12, 52112
189, 104099840, 8047, 9618, 32088480, 0, 11, 32088256, 12, 53600
190, 104099840, 8048, 9619, 32076464, 0, 11, 32080528, 12, 49504
191, 104099840, 8057, 9628, 30940400, 0, 11, 30942336, 12, 52368
192, 104099840, 8051, 9621, 32113424, 0, 11, 32113328, 12, 51296
193, 104099840, 8084, 9654, 32201616, 0, 11, 32205728, 13, 53600
194, 104099840, 8157, 9726, 32415568, 0, 11, 32419328, 13, 45392
195, 104099840, 8157, 9728, 31849664, 0, 11, 31853792, 12, 52928
196, 104099840, 8171, 9742, 31311248, 0, 11, 31311248, 12, 51712
197, 104099840, 8169, 9739, 33051984, 0, 11, 33048048, 12, 53600
198, 104099840, 8166, 9738, 31874512, 0, 11, 31882128, 12, 57712
199, 104099840, 8164, 9733, 32445456, 0, 11, 32445264, 13, 49488
200, 104099840, 8168, 9738, 32468448, 0, 11, 32468528, 12, 53600
201, 104099840, 8169, 9739, 33063168, 0, 11, 33063152, 12, 53600
202, 104099840, 8158, 9729, 31839248, 0, 11, 31843520, 12, 53600
203, 104099840, 8160, 9729, 32440416, 0, 11, 32440352, 12, 49488
204, 104099840, 8153, 9725, 33583680, 0, 11, 33587952, 12, 53600
205, 104099840, 8163, 9732, 34198592, 0, 11, 34206656, 12, 45392
206, 104099840, 8160, 9730, 31283968, 0, 11, 31287984, 12, 48416
207, 104099840, 8156, 9727, 31266768, 0, 11, 31271216, 12, 48016
208, 104099840, 8163, 9735, 31294752, 0, 11, 31294624, 12, 60048
209, 104099840, 8164, 9735, 31293632, 0, 11, 31293872, 12, 56224
210, 104099840, 8174, 9743, 32479040, 0, 11, 32478624, 12, 49504
211, 104099840, 8166, 9735, 32469440, 0, 11, 32473536, 12, 49504
212, 104099840, 8180, 9747, 31348016, 0, 11, 31352176, 12, 51712
213, 104099840, 8170, 9740, 32475616, 0, 11, 32475504, 12, 53328
214, 104099840, 8173, 9745, 32482416, 0, 11, 32485984, 12, 53600
215, 104099840, 8167, 9739, 32458240, 0, 11, 32462240, 13, 49488
216, 104099840, 8153, 9725, 32414064, 0, 11, 32421904, 12, 52928
217, 104099840, 8174, 9745, 31316896, 0, 11, 31314944, 12, 55808
218, 104099840, 8174, 9741, 32498240, 0, 11, 32502672, 12, 51568
219, 104099840, 8171, 9739, 32471360, 0, 11, 32471248, 12, 45392
220, 104099840, 8170, 9741, 31895168, 0, 11, 31894560, 12, 57440
221, 104099840, 8169, 9738, 33053488, 0, 11, 33053504, 12, 49504
222, 104099840, 8160, 9731, 32434864, 0, 11, 32438592, 12, 53600
223, 104099840, 8162, 9731, 31868784, 0, 11, 31869152, 12, 49232
224, 104099840, 8162, 9731, 32445264, 0, 11, 32441232, 12, 49504
225, 104099840, 8160, 9730, 34191504, 0, 11, 34191648, 12, 53616
226, 104099840, 8164, 9733, 33612048, 0, 11, 33612160, 12, 49504
227, 104099840, 8152, 9725, 31263808, 0, 11, 31265888, 12, 56624
228, 104099840, 8159, 9729, 31271408, 0, 11, 31275552, 12, 50080
229, 104099840, 8167, 9739, 30723440, 0, 11, 30719168, 12, 60064
230, 104099840, 8161, 9732, 31859424, 0, 11, 31863648, 12, 53360
231, 104099840, 8175, 9744, 32495600, 0, 11, 32499248, 12, 45392
232, 104099840, 8164, 9733, 32447984, 0, 14, 32447760, 12, 49488
233, 104099840, 8170, 9742, 31301856, 0, 11, 31306112, 12, 55824
234, 104099840, 8177, 9746, 32516288, 0, 11, 32515936, 13, 49232
235, 104099840, 8167, 9740, 33040000, 0, 11, 33043552, 12, 57696
236, 104099840, 8166, 9738, 31886576, 0, 11, 31890672, 12, 55808
237, 104099840, 8162, 9733, 31862432, 0, 11, 31866432, 12, 48832
238, 104099840, 8166, 9737, 32460528, 0, 11, 32462624, 12, 49488
239, 104099840, 8170, 9738, 31892736, 0, 11, 31890112, 12, 51552
240, 104099840, 8164, 9737, 32443936, 0, 11, 32447984, 12, 56368
241, 104099840, 8171, 9741, 31317936, 0, 11, 31317440, 12, 53328
242, 104099840, 8165, 9735, 33620944, 0, 11, 33620992, 12, 53600
243, 104099840, 8161, 9730, 32434512, 0, 11, 32430592, 12, 49504
244, 104099840, 8152, 9725, 32413664, 0, 11, 32418016, 13, 57712
245, 104099840, 8161, 9732, 32447216, 0, 11, 32447152, 12, 49488
246, 104099840, 8157, 9728, 34171056, 0, 11, 34171136, 12, 53600
247, 104099840, 8164, 9734, 33042336, 0, 11, 33046656, 12, 49504
248, 104099840, 8153, 9721, 31253648, 0, 11, 31257264, 12, 44576
249, 104099840, 8164, 9736, 31302368, 0, 11, 31306448, 12, 56224
250, 104099840, 8167, 9738, 30708048, 0, 11, 30704032, 12, 52112
251, 104099840, 8162, 9735, 31862192, 0, 11, 31870224, 12, 61552
252, 104099840, 8168, 9734, 33052256, 0, 11, 33056240, 12, 49488
253, 104099840, 8170, 9740, 31304176, 0, 11, 31308032, 12, 49488
254, 104099840, 8163, 9735, 31875488, 0, 11, 31879824, 12, 55808
255, 104099840, 8182, 9752, 32510240, 0, 11, 32509648, 12, 49232
256, 104099840, 8060, 9631, 32708480, 0, 11, 32712336, 12, 53600
257, 104099840, 7838, 9409, 30850160, 0, 11, 30849440, 12, 55808
258, 104099840, 7968, 9541, 31241408, 0, 11, 31244976, 13, 57040
259, 104099840, 7999, 9569, 31344416, 0, 11, 31348368, 13, 49488
260, 104099840, 7926, 9497, 31122784, 0, 11, 31122464, 12, 49488
261, 104099840, 7993, 9564, 31913920, 0, 11, 31913728, 12, 53600
262, 104099840, 7987, 9558, 30725936, 0, 11, 30725392, 12, 57440
263, 104099840, 7971, 9542, 32419648, 0, 11, 32423376, 12, 53600
264, 104099840, 7844, 9414, 31435360, 0, 11, 31438880, 12, 49488
265, 104099840, 7823, 9394, 30801152, 0, 11, 30804448, 12, 53328
266, 104099840, 7753, 9321, 31138448, 0, 11, 31137600, 12, 45392
267, 104099840, 7678, 9248, 31498576, 0, 11, 31501536, 12, 49504
268, 104099840, 7988, 9557, 33640800, 0, 11, 33644720, 12, 45392
269, 104099840, 7915, 9486, 29930304, 0, 11, 29927520, 12, 52112
270, 104099840, 7846, 9415, 30299568, 0, 11, 30303040, 12, 57888
271, 104099840, 7932, 9502, 30563280, 0, 11, 30558720, 12, 52128
272, 104099840, 7878, 9451, 29798608, 0, 11, 29802352, 12, 60336
273, 104099840, 7933, 9501, 31732400, 0, 11, 31737296, 12, 41696
274, 104099840, 7968, 9534, 31823904, 0, 21, 31827664, 13, 47456
275, 104099840, 7967, 9538, 30656608, 0, 11, 30656128, 12, 52368
276, 104099840, 7999, 9572, 31366560, 0, 11, 31377760, 12, 59920
277, 104099840, 8077, 9646, 32191952, 0, 11, 32195664, 12, 45392
278, 104099840, 7967, 9538, 31831664, 0, 11, 31833488, 12, 45392
279, 104099840, 7853, 9422, 30890368, 0, 11, 30893824, 12, 53776
280, 104099840, 7955, 9523, 31208832, 0, 11, 31216480, 12, 52928
281, 104099840, 8002, 9571, 31925952, 0, 11, 31930000, 12, 45392
282, 104099840, 7939, 9508, 30585760, 0, 11, 30590720, 13, 52368
283, 104099840, 7968, 9540, 31823616, 0, 11, 31827504, 12, 51552
284, 104099840, 8009, 9578, 31394144, 0, 11, 31393808, 12, 53328
285, 104099840, 7963, 9534, 31820240, 0, 11, 31823936, 12, 53600
286, 104099840, 7840, 9410, 32004640, 0, 11, 32008064, 12, 49488
287, 104099840, 7820, 9390, 30200800, 0, 11, 30200016, 12, 53328
288, 104099840, 7762, 9333, 31182704, 0, 11, 31185936, 12, 53600
289, 104099840, 7710, 9279, 32186624, 0, 11, 32185616, 12, 49488
290, 104099840, 7972, 9541, 32993312, 0, 11, 32993184, 12, 49504
291, 104099840, 7903, 9476, 30474576, 0, 11, 30478048, 12, 56624
292, 104099840, 7861, 9432, 30323136, 0, 11, 30322624, 12, 52112
293, 104099840, 7920, 9491, 29970864, 0, 11, 29970032, 12, 55968
294, 104099840, 7862, 9433, 30323888, 0, 11, 30323456, 13, 56224
295, 104099840, 7954, 9520, 31232272, 0, 11, 31235904, 12, 49504
296, 104099840, 7985, 9554, 31875312, 0, 11, 31874928, 12, 45392
297, 104099840, 7964, 9531, 31240992, 0, 11, 31240704, 12, 49504
298, 104099840, 8015, 9589, 31414992, 0, 11, 31416544, 12, 60320
299, 104099840, 8062, 9633, 32131952, 0, 11, 32135648, 12, 51520
300, 104099840, 7976, 9547, 31861632, 0, 11, 31865456, 12, 45392
301, 104099840, 7854, 9426, 30307136, 0, 11, 30298192, 12, 55808
302, 104099840, 7968, 9537, 31847712, 0, 11, 31855296, 12, 61168
303, 104099840, 8011, 9579, 31386608, 0, 11, 31390688, 12, 45392
304, 104099840, 7928, 9497, 31104752, 0, 11, 31111632, 12, 45392
305, 104099840, 7976, 9544, 31278720, 0, 11, 31278688, 12, 45392
306, 104099840, 8035, 9606, 31466592, 0, 11, 31466256, 12, 57440
307, 104099840, 7967, 9536, 32994080, 0, 11, 32993744, 12, 49504
308, 104099840, 7802, 9371, 30727008, 0, 11, 30726448, 12, 49504
309, 104099840, 7840, 9410, 30838768, 0, 11, 30842320, 12, 49504
310, 104099840, 7767, 9336, 31187840, 0, 11, 31191040, 12, 45392
311, 104099840, 7746, 9314, 32304480, 0, 11, 32303568, 12, 45392
312, 104099840, 7988, 9557, 33066688, 0, 11, 33070608, 12, 49504
313, 104099840, 7893, 9463, 29850208, 0, 11, 29849392, 12, 48416
314, 104099840, 7879, 9453, 30390448, 0, 11, 30394144, 12, 56224
315, 104099840, 7899, 9471, 30466896, 0, 11, 30462080, 12, 60048
316, 104099840, 7887, 9459, 29822080, 0, 11, 29821712, 12, 56240
317, 104099840, 7945, 9515, 31775808, 0, 11, 31761936, 12, 49504
318, 104099840, 7963, 9534, 31810784, 0, 11, 31814432, 12, 66864
319, 104099840, 7996, 9566, 30758000, 0, 11, 30761760, 12, 48272
320, 104099840, 8015, 9588, 31415280, 0, 11, 31418800, 12, 56208
321, 104099840, 8055, 9624, 32111296, 0, 11, 32115120, 12, 49488
322, 104099840, 8140, 9709, 32958976, 0, 11, 32962800, 12, 45392
323, 104099840, 8158, 9729, 31851056, 0, 11, 31850864, 12, 52928
324, 104099840, 8171, 9743, 31312416, 0, 11, 31312384, 12, 59920
325, 104099840, 8166, 9736, 33043104, 0, 11, 33047168, 12, 49504
326, 104099840, 8168, 9737, 31889184, 0, 11, 31892560, 12, 49488
327, 104099840, 8167, 9738, 31879728, 0, 11, 31883440, 12, 53600
328, 104099840, 8165, 9734, 32465648, 0, 11, 32465664, 12, 45392
329, 104099840, 8165, 9734, 33036992, 0, 11, 33036896, 12, 49504
330, 104099840, 8143, 9712, 32388576, 0, 11, 32390960, 12, 49504
331, 104099840, 8146, 9716, 32396896, 0, 11, 32401008, 12, 51552
332, 104099840, 8142, 9711, 32976400, 0, 11, 32976272, 12, 49488
333, 104099840, 8158, 9726, 34756768, 0, 11, 34760800, 12, 53600
334, 104099840, 8160, 9730, 31284960, 0, 11, 31285024, 13, 52112
335, 104099840, 8151, 9722, 31253584, 0, 11, 31258032, 12, 52128
336, 104099840, 8165, 9737, 30723904, 0, 11, 30727664, 12, 55952
337, 104099840, 8158, 9727, 31265968, 0, 11, 31266192, 12, 48016
338, 104099840, 8164, 9735, 32458592, 0, 11, 32462224, 12, 53600
339, 104099840, 8155, 9724, 33008736, 0, 11, 33008576, 12, 49488
340, 104099840, 8177, 9747, 31331376, 0, 11, 31334672, 12, 52384
341, 104099840, 8168, 9740, 31883968, 0, 11, 31887712, 12, 57440
342, 104099840, 8176, 9745, 33077936, 0, 11, 33077392, 12, 49488
343, 104099840, 8170, 9740, 32468176, 0, 11, 32468000, 12, 49504
344, 104099840, 8164, 9735, 31296512, 0, 11, 31296400, 12, 55824
345, 104099840, 8170, 9737, 32477664, 0, 11, 32482000, 13, 52944
346, 104099840, 8167, 9737, 32461680, 0, 11, 32465888, 12, 49488
347, 104099840, 8164, 9733, 32451392, 0, 11, 32451152, 12, 49488
348, 104099840, 8179, 9746, 31357664, 0, 11, 30770960, 12, 49504
349, 104099840, 8157, 9728, 32999360, 0, 11, 33003488, 12, 639344
350, 104099840, 8157, 9727, 32428320, 0, 11, 32432400, 12, 49488
351, 104099840, 8152, 9719, 31841504, 0, 11, 31841840, 12, 49488
352, 104099840, 8149, 9719, 32973504, 0, 11, 32973536, 12, 53600
353, 104099840, 8140, 9710, 33550256, 0, 11, 33550272, 12, 53600
354, 104099840, 8154, 9726, 34162224, 0, 11, 34166480, 12, 49504
355, 104099840, 8155, 9726, 30683648, 0, 11, 30687568, 12, 52512
356, 104099840, 8149, 9721, 31243136, 0, 11, 31247552, 12, 52112
357, 104099840, 8160, 9732, 31287776, 0, 11, 31291728, 12, 51856
358, 104099840, 8152, 9722, 31259984, 0, 11, 31260192, 12, 52112
359, 104099840, 8167, 9736, 33035392, 0, 11, 33039088, 12, 49504
360, 104099840, 8156, 9726, 32418704, 0, 11, 32418544, 12, 52368
361, 104099840, 8169, 9741, 31309632, 0, 11, 31305488, 12, 59920
362, 104099840, 8173, 9745, 31898816, 0, 11, 31898416, 12, 61552
363, 104099840, 8170, 9740, 33642608, 0, 11, 33642064, 13, 53600
364, 104099840, 8168, 9740, 31884320, 0, 11, 31884384, 12, 59920
365, 104099840, 8162, 9734, 31860864, 0, 11, 31860784, 12, 57040
366, 104099840, 8169, 9742, 31900912, 0, 11, 31904944, 13, 56480
367, 104099840, 8160, 9730, 32436544, 0, 11, 32440608, 12, 49488
368, 104099840, 8175, 9743, 31904944, 0, 11, 31904800, 12, 45392
369, 104099840, 8170, 9739, 31906512, 0, 11, 31909888, 12, 53600
370, 104099840, 8160, 9730, 33009952, 0, 11, 33014000, 12, 49504
371, 104099840, 8147, 9717, 32978288, 0, 11, 32982464, 12, 49488
372, 104099840, 8157, 9722, 31859408, 0, 11, 31863888, 12, 45392
373, 104099840, 8149, 9719, 32407168, 0, 11, 32411184, 13, 49488
374, 104099840, 8139, 9711, 34120064, 0, 11, 34124128, 12, 49488
375, 104099840, 8164, 9732, 33614240, 0, 11, 33614416, 12, 45392
376, 104099840, 8142, 9715, 30641040, 0, 11, 30646288, 12, 56624
377, 104099840, 8164, 9732, 31303232, 0, 11, 31311440, 12, 50080
378, 104099840, 8150, 9722, 31240960, 0, 11, 31245328, 12, 48016
379, 104099840, 8165, 9735, 31301408, 0, 11, 31305232, 12, 51856
380, 104099840, 8165, 9735, 33028096, 0, 11, 33031808, 12, 49504
381, 104099840, 8161, 9731, 31867696, 0, 11, 31871520, 12, 49488
382, 104099840, 8165, 9736, 31869344, 0, 11, 31869488, 12, 55808
383, 104099840, 8178, 9749, 32513056, 0, 11, 32516544, 12, 53344
384, 104099840, 8130, 9698, 32923584, 0, 11, 32923232, 12, 45392
385, 104099840, 8070, 9643, 30997600, 0, 11, 30997472, 12, 55824
386, 104099840, 8074, 9644, 32172768, 0, 11, 32172640, 12, 52944
387, 104099840, 8074, 9641, 31591680, 0, 11, 31591680, 12, 53600
388, 104099840, 8072, 9642, 31578256, 0, 11, 31574112, 12, 53600
389, 104099840, 8073, 9644, 32163120, 0, 11, 32163024, 12, 53616
390, 104099840, 8089, 9660, 31060464, 0, 12, 31053904, 13, 59504
391, 104099840, 8086, 9655, 32794240, 0, 11, 32798416, 12, 57712
392, 104099840, 8020, 9586, 32583024, 0, 11, 32587296, 12, 49488
393, 104099840, 8030, 9599, 31435408, 0, 11, 31435536, 12, 49488
394, 104099840, 8004, 9574, 31936960, 0, 11, 31936704, 12, 53600
395, 104099840, 8010, 9580, 33711728, 0, 11, 33715664, 12, 49504
396, 104099840, 8068, 9637, 32726592, 0, 11, 32730512, 12, 45392
397, 104099840, 8041, 9613, 30905696, 0, 11, 30909264, 12, 51488
398, 104099840, 8019, 9588, 30838448, 0, 11, 30842304, 13, 48016
399, 104099840, 8043, 9616, 30332656, 0, 11, 30328320, 13, 60064
400, 104099840, 8042, 9611, 30915776, 0, 11, 30920176, 12, 60336
401, 104099840, 8096, 9662, 32820432, 0, 11, 32824128, 12, 49488
402, 104099840, 8055, 9625, 32100320, 0, 11, 32104192, 12, 49488
403, 104099840, 8084, 9656, 31026912, 0, 11, 31030944, 12, 51712
404, 104099840, 8093, 9663, 31670304, 0, 11, 31666000, 12, 49232
405, 104099840, 8102, 9673, 32836336, 0, 11, 32836144, 12, 57712
406, 104099840, 8075, 9649, 31592064, 0, 11, 31599424, 12, 56480
407, 104099840, 8071, 9641, 32146240, 0, 11, 32146032, 13, 52928
408, 104099840, 8066, 9640, 30985168, 0, 11, 30989264, 12, 59920
409, 104099840, 8077, 9646, 32185920, 0, 11, 32185840, 12, 49488
410, 104099840, 8069, 9640, 32153280, 0, 11, 32157328, 12, 53600
411, 104099840, 8078, 9646, 31614880, 0, 11, 31610512, 12, 49232
412, 104099840, 8093, 9664, 32216832, 0, 11, 32216768, 12, 57712
413, 104099840, 8043, 9614, 32063680, 0, 11, 32067792, 12, 53600
414, 104099840, 8015, 9584, 31393120, 0, 11, 31397200, 12, 45392
415, 104099840, 8005, 9574, 32524640, 0, 11, 32524448, 12, 49488
416, 104099840, 8001, 9570, 32520880, 0, 11, 32520672, 12, 49504
417, 104099840, 8081, 9651, 33951328, 0, 11, 33955312, 12, 49504
418, 104099840, 8040, 9610, 30909504, 0, 11, 30913264, 12, 48416
419, 104099840, 8003, 9575, 30771776, 0, 11, 30775776, 12, 52112
420, 104099840, 8057, 9628, 30392000, 0, 11, 30393728, 12, 51856
421, 104099840, 8037, 9610, 30881648, 0, 11, 30885888, 12, 54176
422, 104099840, 8074, 9643, 32182288, 0, 11, 32185856, 12, 45392
423, 104099840, 8076, 9642, 32174928, 0, 11, 32178992, 12, 49488
424, 104099840, 8085, 9652, 31038720, 0, 11, 31042800, 12, 52368
425, 104099840, 8079, 9648, 32199744, 0, 11, 32199424, 12, 49232
426, 104099840, 8119, 9690, 32297456, 0, 11, 32301280, 12, 53600
427, 104099840, 8068, 9637, 32157200, 0, 11, 32161216, 12, 45392
428, 104099840, 8074, 9644, 31575808, 0, 11, 31575648, 12, 52928
429, 104099840, 8054, 9628, 30954784, 0, 11, 30958864, 12, 59920
430, 104099840, 8085, 9654, 32774592, 0, 11, 32774560, 12, 49488
431, 104099840, 8077, 9647, 31606368, 0, 11, 31609920, 12, 53600
432, 104099840, 8078, 9647, 31601664, 0, 11, 31601552, 12, 49504
433, 104099840, 8093, 9665, 32233056, 0, 11, 32237152, 12, 57040
434, 104099840, 8061, 9631, 32704112, 0, 11, 32702000, 12, 45392
435, 104099840, 8005, 9576, 31355568, 0, 11, 31355600, 12, 55664
436, 104099840, 8044, 9616, 32070896, 0, 11, 32078896, 13, 53600
437, 104099840, 7981, 9550, 32460384, 0, 11, 32456112, 12, 49488
438, 104099840, 8060, 9632, 33871232, 0, 11, 33875152, 13, 57680
439, 104099840, 8039, 9609, 31460592, 0, 11, 31464624, 12, 45792
440, 104099840, 8011, 9580, 30813408, 0, 11, 30816928, 12, 48016
441, 104099840, 8054, 9625, 30944448, 0, 11, 30944320, 12, 56224
442, 104099840, 8054, 9625, 30363472, 0, 11, 30367808, 12, 52128
443, 104099840, 8053, 9621, 32109984, 0, 11, 32117264, 12, 45792
444, 104099840, 8090, 9659, 32213136, 0, 11, 32212976, 12, 49488
445, 104099840, 8060, 9632, 30959648, 0, 11, 30959328, 12, 56480
446, 104099840, 8074, 9646, 31592192, 0, 11, 31603488, 12, 55824
447, 104099840, 8127, 9696, 32341152, 0, 11, 32340912, 12, 49488
448, 104099840, 8134, 9704, 32951168, 0, 11, 32950816, 12, 53600
449, 104099840, 8170, 9743, 31301792, 0, 11, 31305552, 12, 59920
450, 104099840, 8170, 9741, 32479168, 0, 11, 32483040, 12, 52928
451, 104099840, 8171, 9741, 31888896, 0, 11, 31888976, 12, 53600
452, 104099840, 8169, 9741, 32471232, 0, 11, 32475104, 12, 53600
453, 104099840, 8165, 9736, 31873888, 0, 11, 31284016, 12, 49488
454, 104099840, 8168, 9740, 32458192, 0, 11, 32462080, 12, 643440
455, 104099840, 8173, 9739, 33074240, 0, 11, 33074096, 12, 49488
456, 104099840, 8150, 9723, 32401504, 0, 11, 32405760, 12, 49520
457, 104099840, 8168, 9737, 31887200, 0, 11, 31895008, 12, 45392
458, 104099840, 8153, 9724, 33582576, 0, 11, 33586768, 13, 49488
459, 104099840, 8159, 9730, 34169040, 0, 11, 34176784, 12, 49488
460, 104099840, 8168, 9737, 31882992, 0, 11, 31887168, 12, 41696
461, 104099840, 8153, 9724, 31256880, 0, 11, 31264800, 12, 48016
462, 104099840, 8167, 9737, 31323120, 0, 11, 31327152, 12, 48016
463, 104099840, 8166, 9736, 30707840, 0, 11, 30704048, 12, 52112
464, 104099840, 8177, 9746, 32502304, 0, 11, 32505200, 12, 49920
465, 104099840, 8167, 9735, 33042720, 0, 11, 33046640, 12, 53600
466, 104099840, 8164, 9736, 31279744, 0, 11, 31283808, 12, 55248
467, 104099840, 8173, 9746, 31916160, 0, 11, 31919920, 12, 56208
468, 104099840, 8181, 9749, 33084800, 0, 11, 33088336, 12, 45392
469, 104099840, 8171, 9741, 32483808, 0, 11, 32487744, 13, 49488
470, 104099840, 8169, 9741, 31878320, 0, 11, 31877936, 12, 52928
471, 104099840, 8172, 9745, 31327296, 0, 11, 31329264, 12, 59920
472, 104099840, 8171, 9741, 33058416, 0, 11, 33062544, 12, 51552
473, 104099840, 8174, 9743, 31901472, 0, 11, 31900768, 12, 49488
474, 104099840, 8168, 9738, 32458304, 0, 11, 32458112, 12, 53616
475, 104099840, 8174, 9745, 31909616, 0, 11, 31909552, 12, 57040
476, 104099840, 8161, 9732, 33611872, 0, 11, 33615904, 12, 53600
477, 104099840, 8153, 9724, 31818688, 0, 11, 31820992, 12, 52368
478, 104099840, 8159, 9729, 32432816, 0, 11, 32436704, 12, 47456
479, 104099840, 8154, 9724, 33589920, 0, 11, 33594224, 12, 49488
480, 104099840, 8164, 9734, 34201712, 0, 11, 34201696, 12, 49488
481, 104099840, 8163, 9734, 31294240, 0, 11, 31294176, 12, 56624
482, 104099840, 8156, 9728, 31264288, 0, 11, 31268640, 12, 52128
483, 104099840, 8168, 9738, 31312352, 0, 11, 31312160, 12, 51856
484, 104099840, 8167, 9738, 30717632, 0, 15, 30123888, 16, 52128
485, 104099840, 8170, 9742, 33045888, 0, 11, 33049392, 12, 643456
486, 104099840, 8169, 9737, 32478624, 0, 11, 32478384, 12, 45392
487, 104099840, 8171, 9744, 31313488, 0, 11, 31317408, 12, 59920
488, 104099840, 8173, 9743, 32486240, 0, 11, 32486032, 12, 49232
489, 104099840, 8180, 9751, 32503696, 0, 11, 32503024, 12, 53600
490, 104099840, 8174, 9743, 32494560, 0, 11, 32498576, 12, 53600
491, 104099840, 8162, 9733, 31851888, 0, 11, 31859808, 12, 48832
492, 104099840, 8172, 9743, 31896944, 0, 11, 31896976, 12, 55808
493, 104099840, 8177, 9747, 32495856, 0, 11, 31906048, 13, 49504
494, 104099840, 8173, 9741, 32492640, 0, 11, 32492656, 12, 643440
495, 104099840, 8173, 9744, 31903360, 0, 11, 31902752, 12, 57440
496, 104099840, 8167, 9738, 33041120, 0, 11, 33045056, 12, 53600
497, 104099840, 8164, 9733, 32444016, 0, 11, 32447280, 12, 45392
498, 104099840, 8156, 9728, 31847232, 0, 11, 31852112, 12, 53328
499, 104099840, 8160, 9730, 32437424, 0, 11, 32441360, 12, 49488
500, 104099840, 8160, 9726, 34190816, 0, 11, 34195104, 12, 49488
501, 104099840, 8170, 9738, 33631472, 0, 11, 33635600, 12, 45392
502, 104099840, 8160, 9730, 31288592, 0, 11, 31288864, 12, 48416
503, 104099840, 8163, 9733, 31284784, 0, 11, 31288928, 12, 52128
504, 104099840, 8170, 9742, 30734944, 0, 11, 30734112, 12, 55968
505, 104099840, 8161, 9731, 31870416, 0, 11, 31870752, 12, 49792
506, 104099840, 8177, 9747, 32494432, 0, 11, 32480544, 12, 49504
507, 104099840, 8167, 9737, 32459344, 0, 11, 32462976, 12, 62768
508, 104099840, 8168, 9740, 31306944, 0, 11, 31311056, 12, 55808
509, 104099840, 8175, 9747, 32495552, 0, 11, 32499120, 12, 53328
