1, 210378752, 0, 49114, 0, 0, 0, 0, 40, 0
1, 210378752, 0, 49114, 0, 1, 40, -14848, 38, 0
1, 210378752, 823, 49114, 3355312, 0, 43, 3355296, 37, 0
1, 210378752, 823, 49114, 3355312, 1, 40, 3323312, 38, 0
1, 210378752, 2470, 49114, 10059376, 0, 43, 10058224, 37, 0
1, 210378752, 2470, 49114, 10059376, 1, 38, 10007584, 36, 0
1, 210378752, 4938, 49114, 20115472, 0, 42, 20113472, 34, -256
1, 210378752, 4938, 49114, 20115472, 1, 37, 20017728, 35, 0
1, 210378752, 12342, 49114, 50284592, 0, 37, 50280752, 28, -192
1, 210378752, 12342, 49114, 50284592, 1, 33, 50039968, 29, 0
1, 210378752, 24679, 49114, 100568336, 0, 29, 100560272, 19, 0
1, 210378752, 24679, 49114, 100568336, 1, 26, 100049728, 19, 0
1, 210378752, 36898, 49114, 150854672, 0, 24, 150850528, 9, 0
1, 210378752, 36898, 49114, 150854672, 1, 18, 150555104, 9, 0
1, 210378752, 44225, 49114, 181028672, 0, 19, 181026896, 4, 0
1, 210378752, 44225, 49114, 181028672, 1, 13, 180917312, 4, 0
1, 210378752, 49112, 49114, 201141680, 0, 14, 201141632, 1, 0
1, 210378752, 49112, 49114, 201141680, 1, 9, 201113728, 1, 0
1, 311042048, 0, 73667, 0, 0, 0, 0, 61, 0
1, 311042048, 0, 73667, 0, 1, 61, -14848, 59, 0
1, 311042048, 823, 73667, 3355312, 0, 62, 3355376, 58, -80
1, 311042048, 823, 73667, 3355312, 1, 61, 3327328, 58, 0
1, 311042048, 3703, 73667, 15087424, 0, 61, 15085632, 56, 0
1, 311042048, 3703, 73667, 15087424, 1, 59, 15004464, 56, 0
1, 311042048, 7404, 73667, 30171568, 0, 60, 30168608, 54, 0
1, 311042048, 7404, 73667, 30171568, 1, 57, 30015584, 54, 64
1, 311042048, 18508, 73667, 75424832, 0, 54, 75418816, 44, 0
1, 311042048, 18508, 73667, 75424832, 1, 51, 75040752, 44, 0
1, 311042048, 37013, 73667, 150848816, 0, 45, 150837584, 30, 0
1, 311042048, 37013, 73667, 150848816, 1, 41, 150067760, 30, 32
1, 311042048, 55344, 73667, 226277840, 0, 35, 226272208, 15, 0
1, 311042048, 55344, 73667, 226277840, 1, 30, 225827792, 14, 0
1, 311042048, 66336, 73667, 271538432, 0, 29, 271535920, 7, 0
1, 311042048, 66336, 73667, 271538432, 1, 22, 271360864, 6, 288
1, 311042048, 73665, 73667, 301707536, 0, 23, 301707648, 1, 0
1, 311042048, 73665, 73667, 301707536, 1, 15, 301665728, 1, 0
1, 411705344, 0, 98221, 0, 0, 0, 0, 83, 0
1, 411705344, 0, 98221, 0, 1, 84, -14848, 83, 0
1, 411705344, 1234, 98221, 5031328, 0, 84, 5031120, 82, 0
1, 411705344, 1234, 98221, 5031328, 1, 83, 4994320, 82, 0
1, 411705344, 4937, 98221, 20115472, 0, 82, 20113680, 79, 0
1, 411705344, 4937, 98221, 20115472, 1, 80, 20013632, 78, 0
1, 411705344, 9871, 98221, 40227664, 0, 81, 40224448, 75, 0
1, 411705344, 9871, 98221, 40227664, 1, 78, 40029824, 74, 0
1, 411705344, 24677, 98221, 100565072, 0, 74, 100557456, 62, -448
1, 411705344, 24677, 98221, 100565072, 1, 70, 100062016, 61, 0
1, 411705344, 49350, 98221, 201129296, 0, 60, 201115216, 41, 0
1, 411705344, 49350, 98221, 201129296, 1, 56, 200114304, 41, 0
1, 411705344, 73792, 98221, 301701008, 0, 45, 301693248, 20, 0
1, 411705344, 73792, 98221, 301701008, 1, 43, 301120960, 20, 0
1, 411705344, 88445, 98221, 362048192, 0, 41, 362045840, 9, 0
1, 411705344, 88445, 98221, 362048192, 1, 34, 361812608, 9, -288
1, 411705344, 98219, 98221, 402273392, 0, 34, 402273536, 2, 0
1, 411705344, 98219, 98221, 402273392, 1, 25, 402230016, 2, 0
1, 512368640, 0, 122774, 0, 0, 0, 0, 108, 0
1, 512368640, 0, 122774, 0, 1, 107, -14848, 106, 0
1, 512368640, 1234, 122774, 5031328, 0, 107, 5031248, 106, 0
1, 512368640, 1234, 122774, 5031328, 1, 105, 4994320, 105, 0
1, 512368640, 6170, 122774, 25143520, 0, 105, 25141184, 100, 0
1, 512368640, 6170, 122774, 25143520, 1, 104, 25006416, 101, 0
1, 512368640, 12338, 122774, 50283760, 0, 101, 50280096, 96, 0
1, 512368640, 12338, 122774, 50283760, 1, 101, 50035872, 95, 0
1, 512368640, 30843, 122774, 125705312, 0, 91, 125695648, 80, 0
1, 512368640, 30843, 122774, 125705312, 1, 89, 125075088, 78, 0
1, 512368640, 61686, 122774, 251409776, 0, 75, 251392048, 52, 0
1, 512368640, 61686, 122774, 251409776, 1, 72, 250148640, 51, -32
1, 512368640, 92239, 122774, 377124176, 0, 60, 377114768, 26, 0
1, 512368640, 92239, 122774, 377124176, 1, 55, 376410032, 26, 0
1, 512368640, 110555, 122774, 452557952, 0, 62, 452555408, 11, 0
1, 512368640, 110555, 122774, 452557952, 1, 44, 452276640, 11, -288
1, 512368640, 122772, 122774, 502839248, 0, 44, 502839552, 2, 0
1, 512368640, 122772, 122774, 502839248, 1, 35, 502794304, 2, 0
1, 613031936, 0, 147328, 0, 0, 0, 0, 130, 0
1, 613031936, 0, 147328, 0, 1, 130, -14848, 131, 0
1, 613031936, 1646, 147328, 6707344, 0, 129, 6707264, 129, 0
1, 613031936, 1646, 147328, 6707344, 1, 129, 6665408, 129, 0
1, 613031936, 7405, 147328, 30171568, 0, 125, 30168592, 124, 0
1, 613031936, 7405, 147328, 30171568, 1, 126, 30023776, 124, 0
1, 613031936, 14807, 147328, 60339856, 0, 122, 60334976, 117, -384
1, 613031936, 14807, 147328, 60339856, 1, 122, 60050112, 117, 0
1, 613031936, 37010, 147328, 150845552, 0, 111, 150833712, 98, 0
1, 613031936, 37010, 147328, 150845552, 1, 109, 150092256, 96, 0
1, 613031936, 74023, 147328, 301690256, 0, 91, 301669200, 64, -704
1, 613031936, 74023, 147328, 301690256, 1, 89, 300191168, 64, -32
1, 613031936, 110688, 147328, 452547344, 0, 73, 452535648, 32, 0
1, 613031936, 110688, 147328, 452547344, 1, 67, 451699104, 32, 0
1, 613031936, 132666, 147328, 543067712, 0, 63, 543064352, 13, 0
1, 613031936, 132666, 147328, 543067712, 1, 55, 542740672, 12, 0
1, 613031936, 147326, 147328, 603405104, 0, 54, 603405504, 2, 0
1, 613031936, 147326, 147328, 603405104, 1, 45, 603366784, 2, 0
1, 713695232, 0, 171881, 0, 0, 0, 0, 153, 0
1, 713695232, 0, 171881, 0, 1, 153, -14848, 151, 0
1, 713695232, 2056, 171881, 8383360, 0, 151, 8383344, 149, -64
1, 713695232, 2056, 171881, 8383360, 1, 151, 8324208, 150, 0
1, 713695232, 8637, 171881, 35199616, 0, 146, 35196288, 145, 0
1, 713695232, 8637, 171881, 35199616, 1, 147, 35012464, 145, 0
1, 713695232, 17274, 171881, 70395952, 0, 144, 70390112, 138, 0
1, 713695232, 17274, 171881, 70395952, 1, 143, 70056160, 137, 0
1, 713695232, 43178, 171881, 175985792, 0, 129, 175971968, 115, 0
1, 713695232, 43178, 171881, 175985792, 1, 128, 175109424, 113, 0
1, 713695232, 86360, 171881, 351970736, 0, 106, 351945712, 76, 0
1, 713695232, 86360, 171881, 351970736, 1, 104, 350237792, 76, 0
1, 713695232, 129136, 171881, 527970512, 0, 83, 527956912, 38, 0
1, 713695232, 129136, 171881, 527970512, 1, 80, 527000464, 38, 32
1, 713695232, 154777, 171881, 633577472, 0, 73, 633572624, 16, 704
1, 713695232, 154777, 171881, 633577472, 1, 65, 633204704, 15, 288
1, 713695232, 171879, 171881, 703970960, 0, 63, 703971440, 3, 0
1, 713695232, 171879, 171881, 703970960, 1, 54, 703931072, 3, 0
1, 814358528, 0, 196435, 0, 0, 0, 0, 173, 0
1, 814358528, 0, 196435, 0, 1, 173, -14848, 175, 0
1, 814358528, 2056, 196435, 8383360, 0, 173, 8383280, 173, 0
1, 814358528, 2056, 196435, 8383360, 1, 174, 8328304, 173, 0
1, 814358528, 9871, 196435, 40227664, 0, 169, 40224336, 165, 0
1, 814358528, 9871, 196435, 40227664, 1, 168, 40025728, 167, 0
1, 814358528, 19741, 196435, 80452048, 0, 164, 80446144, 158, -64
1, 814358528, 19741, 196435, 80452048, 1, 164, 80062208, 158, 0
1, 814358528, 49344, 196435, 201126032, 0, 147, 201110672, 133, 0
1, 814358528, 49344, 196435, 201126032, 1, 147, 200122496, 132, 0
1, 814358528, 98695, 196435, 402251216, 0, 123, 402223632, 87, 416
1, 814358528, 98695, 196435, 402251216, 1, 120, 400272128, 88, 0
1, 814358528, 147584, 196435, 603393680, 0, 95, 603378432, 43, 0
1, 814358528, 147584, 196435, 603393680, 1, 91, 602289536, 43, 288
1, 814358528, 176887, 196435, 724087232, 0, 81, 724082160, 18, 0
1, 814358528, 176887, 196435, 724087232, 1, 75, 723664640, 17, 0
1, 814358528, 196433, 196435, 804536816, 0, 73, 804537408, 3, 0
1, 814358528, 196433, 196435, 804536816, 1, 62, 804495360, 3, 0
1, 915021824, 0, 220988, 0, 0, 0, 0, 197, 0
1, 915021824, 0, 220988, 0, 1, 197, -14848, 197, 0
1, 915021824, 2467, 220988, 10059376, 0, 195, 10059360, 193, -64
1, 915021824, 2467, 220988, 10059376, 1, 195, 9995296, 195, 0
1, 915021824, 11103, 220988, 45255712, 0, 191, 45252384, 187, 0
1, 915021824, 11103, 220988, 45255712, 1, 190, 45022608, 188, 0
1, 915021824, 22207, 220988, 90508144, 0, 183, 90501728, 179, 0
1, 915021824, 22207, 220988, 90508144, 1, 184, 90060064, 178, 0
1, 915021824, 55513, 220988, 226266272, 0, 167, 226249312, 150, -704
1, 915021824, 55513, 220988, 226266272, 1, 165, 225147856, 149, 0
1, 915021824, 111032, 220988, 452531696, 0, 137, 452500272, 100, 0
1, 915021824, 111032, 220988, 452531696, 1, 135, 450314656, 100, 0
1, 915021824, 166033, 220988, 678816848, 0, 107, 678799056, 49, 32
1, 915021824, 166033, 220988, 678816848, 1, 103, 677582704, 49, 0
1, 915021824, 198997, 220988, 814596992, 0, 92, 814591664, 21, 0
1, 915021824, 198997, 220988, 814596992, 1, 84, 814128672, 20, 0
1, 915021824, 220986, 220988, 905102672, 0, 82, 905103296, 4, 0
1, 915021824, 220986, 220988, 905102672, 1, 71, 905063744, 4, 0
1, 1015685120, 0, 245542, 0, 0, 0, 0, 219, 0
1, 1015685120, 0, 245542, 0, 1, 220, -14848, 218, 0
1, 1015685120, 2467, 245542, 10059376, 0, 218, 10059152, 217, 16
1, 1015685120, 2467, 245542, 10059376, 1, 217, 9995296, 216, 0
1, 1015685120, 12338, 245542, 50283760, 0, 212, 50279920, 209, 0
1, 1015685120, 12338, 245542, 50283760, 1, 210, 50023584, 209, 0
1, 1015685120, 24674, 245542, 100564240, 0, 205, 100557312, 198, 0
1, 1015685120, 24674, 245542, 100564240, 1, 206, 100070208, 199, 0
1, 1015685120, 61679, 245542, 251406512, 0, 184, 251387280, 167, 0
1, 1015685120, 61679, 245542, 251406512, 1, 185, 250156832, 167, 0
1, 1015685120, 123366, 245542, 502812176, 0, 151, 502777264, 113, 0
1, 1015685120, 123366, 245542, 502812176, 1, 150, 500348992, 112, 0
1, 1015685120, 184480, 245542, 754240016, 0, 119, 754220192, 55, 0
1, 1015685120, 184480, 245542, 754240016, 1, 115, 752871776, 55, 0
1, 1015685120, 221106, 245542, 905106752, 0, 101, 905100688, 24, 0
1, 1015685120, 221106, 245542, 905106752, 1, 94, 904576320, 23, 288
1, 1015685120, 245540, 245542, 1005668528, 0, 92, 1005668800, 4, 0
1, 1015685120, 245540, 245542, 1005668528, 1, 79, 1005623936, 4, 0
1, 1116348416, 0, 270095, 0, 0, 0, 0, 241, 0
1, 1116348416, 0, 270095, 0, 1, 241, -14848, 242, 0
1, 1116348416, 2878, 270095, 11735392, 0, 237, 11734960, 238, -64
1, 1116348416, 2878, 270095, 11735392, 1, 240, 11658192, 238, 0
1, 1116348416, 13571, 270095, 55311808, 0, 234, 55307392, 230, 0
1, 1116348416, 13571, 270095, 55311808, 1, 232, 55028656, 230, 0
1, 1116348416, 27142, 270095, 110620336, 0, 226, 110612512, 216, 0
1, 1116348416, 27142, 270095, 110620336, 1, 227, 110080352, 218, 0
1, 1116348416, 67847, 270095, 276546752, 0, 206, 276525824, 183, 0
1, 1116348416, 67847, 270095, 276546752, 1, 204, 275178096, 184, 0
1, 1116348416, 135703, 270095, 553092656, 0, 167, 553055024, 126, 0
1, 1116348416, 135703, 270095, 553092656, 1, 166, 550395616, 124, 0
1, 1116348416, 202929, 270095, 829663184, 0, 130, 829641936, 61, 0
1, 1116348416, 202929, 270095, 829663184, 1, 126, 828156752, 61, -320
1, 1116348416, 243216, 270095, 995616512, 0, 111, 995610352, 26, 288
1, 1116348416, 243216, 270095, 995616512, 1, 103, 995036256, 26, 480
1, 1116348416, 270093, 270095, 1106234384, 0, 102, 1106235264, 5, 0
1, 1116348416, 270093, 270095, 1106234384, 1, 87, 1106188224, 4, 0
1, 1217011712, 0, 294648, 0, 0, 0, 0, 262, 0
1, 1217011712, 0, 294648, 0, 1, 264, -14592, 262, 0
1, 1217011712, 3290, 294648, 13411408, 0, 260, 13410976, 260, -64
1, 1217011712, 3290, 294648, 13411408, 1, 262, 13325440, 261, 128
1, 1217011712, 14806, 294648, 60339856, 0, 256, 60335216, 252, 0
1, 1217011712, 14806, 294648, 60339856, 1, 256, 60042176, 251, 0
1, 1217011712, 29610, 294648, 120676432, 0, 244, 120667936, 239, 0
1, 1217011712, 29610, 294648, 120676432, 1, 245, 120090752, 238, 0
1, 1217011712, 74018, 294648, 301688752, 0, 220, 301666624, 201, -272
1, 1217011712, 74018, 294648, 301688752, 1, 220, 300191424, 200, 0
1, 1217011712, 148040, 294648, 603376528, 0, 185, 603335600, 136, 0
1, 1217011712, 148040, 294648, 603376528, 1, 180, 600426112, 136, 0
1, 1217011712, 221375, 294648, 905088112, 0, 141, 905064704, 67, 64
1, 1217011712, 221375, 294648, 905088112, 1, 138, 903462464, 67, 96
1, 1217011712, 265326, 294648, 1086125584, 0, 120, 1086118608, 28, -128
1, 1217011712, 265326, 294648, 1086125584, 1, 111, 1085500544, 28, 416
1, 1217011712, 294646, 294648, 1206799552, 0, 111, 1206800256, 5, 256
1, 1217011712, 294646, 294648, 1206799552, 1, 93, 1206760960, 5, 0
1, 1317675008, 0, 319202, 0, 0, 0, 0, 286, 0
1, 1317675008, 0, 319202, 0, 1, 286, -14592, 286, 0
1, 1317675008, 3290, 319202, 13411408, 0, 281, 13410992, 283, -80
1, 1317675008, 3290, 319202, 13411408, 1, 284, 13333632, 283, 0
1, 1317675008, 16039, 319202, 65367904, 0, 275, 65363136, 272, 0
1, 1317675008, 16039, 319202, 65367904, 1, 277, 65047248, 272, 0
1, 1317675008, 32077, 319202, 130732528, 0, 266, 130724160, 258, 0
1, 1317675008, 32077, 319202, 130732528, 1, 268, 130104992, 258, 0
1, 1317675008, 80191, 319202, 326831440, 0, 240, 326807360, 215, 0
1, 1317675008, 80191, 319202, 326831440, 1, 240, 325220880, 216, 0
1, 1317675008, 160378, 319202, 653661904, 0, 196, 653618192, 148, 0
1, 1317675008, 160378, 319202, 653661904, 1, 196, 650464544, 148, 128
1, 1317675008, 239821, 319202, 980513728, 0, 153, 980488976, 74, -224
1, 1317675008, 239821, 319202, 980513728, 1, 150, 978767920, 73, 128
1, 1317675008, 287436, 319202, 1176635344, 0, 129, 1176627824, 31, 0
1, 1317675008, 287436, 319202, 1176635344, 1, 121, 1175960480, 31, 128
1, 1317675008, 319200, 319202, 1307365408, 0, 121, 1307365600, 5, 256
1, 1317675008, 319200, 319202, 1307365408, 1, 103, 1307308864, 5, 128
1, 1418338304, 0, 343755, 0, 0, 0, 0, 306, 0
1, 1418338304, 0, 343755, 0, 1, 306, -14592, 307, 0
1, 1418338304, 3701, 343755, 15087424, 0, 301, 15086928, 305, 0
1, 1418338304, 3701, 343755, 15087424, 1, 304, 15000624, 304, 0
1, 1418338304, 17272, 343755, 70395952, 0, 296, 70391248, 293, -256
1, 1418338304, 17272, 343755, 70395952, 1, 299, 70048224, 291, 0
1, 1418338304, 34543, 343755, 140788624, 0, 287, 140779488, 277, 0
1, 1418338304, 34543, 343755, 140788624, 1, 286, 140106944, 278, 0
1, 1418338304, 86363, 343755, 351974128, 0, 259, 351948688, 234, 0
1, 1418338304, 86363, 343755, 351974128, 1, 259, 350213472, 232, 128
1, 1418338304, 172716, 343755, 703947280, 0, 212, 703899600, 160, -96
1, 1418338304, 172716, 343755, 703947280, 1, 210, 700519360, 159, 288
1, 1418338304, 258266, 343755, 1055939344, 0, 164, 1055912928, 81, 0
1, 1418338304, 258266, 343755, 1055939344, 1, 161, 1054065184, 80, 128
1, 1418338304, 309546, 343755, 1267145104, 0, 139, 1267137200, 34, 288
1, 1418338304, 309546, 343755, 1267145104, 1, 130, 1266420416, 33, 128
1, 1418338304, 343753, 343755, 1407931264, 0, 127, 1407931808, 6, 256
1, 1418338304, 343753, 343755, 1407931264, 1, 110, 1407873152, 5, 128
1, 1519001600, 0, 368308, 0, 0, 0, 0, 330, 0
1, 1519001600, 0, 368308, 0, 1, 330, -14592, 328, 0
1, 1519001600, 3701, 368308, 15087424, 0, 323, 15086928, 327, 0
1, 1519001600, 3701, 368308, 15087424, 1, 327, 14996528, 327, 64
1, 1519001600, 18506, 368308, 75424000, 0, 315, 75418848, 312, 0
1, 1519001600, 18506, 368308, 75424000, 1, 318, 75053296, 315, 0
1, 1519001600, 37010, 368308, 150844720, 0, 306, 150834528, 298, 0
1, 1519001600, 37010, 368308, 150844720, 1, 310, 150112992, 296, 0
1, 1519001600, 92535, 368308, 377116816, 0, 277, 377089888, 250, 0
1, 1519001600, 92535, 368308, 377116816, 1, 278, 375226544, 249, 0
1, 1519001600, 185053, 368308, 754232656, 0, 227, 754181104, 172, 256
1, 1519001600, 185053, 368308, 754232656, 1, 226, 750557792, 172, -224
1, 1519001600, 276712, 368308, 1131364960, 0, 177, 1131336848, 87, -608
1, 1519001600, 276712, 368308, 1131364960, 1, 174, 1129382928, 86, 0
1, 1519001600, 331655, 368308, 1357654864, 0, 150, 1357646080, 36, 208
1, 1519001600, 331655, 368308, 1357654864, 1, 143, 1356876256, 36, -288
1, 1519001600, 368306, 368308, 1508497120, 0, 139, 1508498048, 7, 64
1, 1519001600, 368306, 368308, 1508497120, 1, 120, 1508441536, 6, 128
1, 1619664896, 0, 392861, 0, 0, 0, 0, 353, 0
1, 1619664896, 0, 392861, 0, 1, 352, -14592, 352, 0
1, 1619664896, 4112, 392861, 16763440, 0, 346, 16762912, 350, 0
1, 1619664896, 4112, 392861, 16763440, 1, 350, 16667616, 349, 0
1, 1619664896, 19739, 392861, 80452048, 0, 337, 80446384, 335, 64
1, 1619664896, 19739, 392861, 80452048, 1, 344, 80058368, 334, 0
1, 1619664896, 39478, 392861, 160900816, 0, 327, 160889920, 320, 0
1, 1619664896, 39478, 392861, 160900816, 1, 334, 160119040, 318, 0
1, 1619664896, 98706, 392861, 402259504, 0, 297, 402231216, 267, 256
1, 1619664896, 98706, 392861, 402259504, 1, 300, 400243712, 269, 0
1, 1619664896, 197390, 392861, 804518032, 0, 244, 804463920, 185, 544
1, 1619664896, 197390, 392861, 804518032, 1, 245, 800600320, 184, 0
1, 1619664896, 295156, 392861, 1206790576, 0, 190, 1206760832, 94, 256
1, 1619664896, 295156, 392861, 1206790576, 1, 189, 1204667904, 92, 128
1, 1619664896, 353766, 392861, 1448164624, 0, 158, 1448155696, 39, 256
1, 1619664896, 353766, 392861, 1448164624, 1, 155, 1447348480, 38, 0
1, 1619664896, 392859, 392861, 1609062976, 0, 152, 1609064256, 7, 0
1, 1619664896, 392859, 392861, 1609062976, 1, 130, 1609009920, 6, 128
1, 1720328192, 0, 417415, 0, 0, 0, 0, 376, 0
1, 1720328192, 0, 417415, 0, 1, 375, -14592, 375, 0
1, 1720328192, 4523, 417415, 18439456, 0, 371, 18438928, 376, 0
1, 1720328192, 4523, 417415, 18439456, 1, 373, 18326416, 370, 64
1, 1720328192, 20974, 417415, 85480096, 0, 361, 85474304, 357, 0
1, 1720328192, 20974, 417415, 85480096, 1, 361, 85067536, 356, 0
1, 1720328192, 41946, 417415, 170956912, 0, 350, 170945152, 342, -128
1, 1720328192, 41946, 417415, 170956912, 1, 354, 170137376, 342, 0
1, 1720328192, 104878, 417415, 427402192, 0, 317, 427372576, 285, 64
1, 1720328192, 104878, 417415, 427402192, 1, 317, 425248592, 289, 0
1, 1720328192, 209726, 417415, 854803408, 0, 262, 854746448, 196, 0
1, 1720328192, 209726, 417415, 854803408, 1, 261, 850638752, 196, 0
1, 1720328192, 313601, 417415, 1282216192, 0, 201, 1282185200, 100, 256
1, 1720328192, 313601, 417415, 1282216192, 1, 204, 1279981552, 99, -160
1, 1720328192, 375877, 417415, 1538674384, 0, 172, 1538664656, 41, 192
1, 1720328192, 375877, 417415, 1538674384, 1, 167, 1537800224, 41, 416
1, 1720328192, 417413, 417415, 1709628832, 0, 160, 1709629888, 7, 256
1, 1720328192, 417413, 417415, 1709628832, 1, 142, 1709574208, 7, 128
1, 1820991488, 0, 441968, 0, 0, 0, 0, 392, 0
1, 1820991488, 0, 441968, 0, 1, 393, -14592, 400, 0
1, 1820991488, 4523, 441968, 18439456, 0, 393, 18438928, 398, 0
1, 1820991488, 4523, 441968, 18439456, 1, 396, 18334608, 394, 0
1, 1820991488, 22206, 441968, 90508144, 0, 383, 90502352, 382, 0
1, 1820991488, 22206, 441968, 90508144, 1, 389, 90064416, 383, 0
1, 1820991488, 44412, 441968, 181013008, 0, 371, 181000864, 356, 0
1, 1820991488, 44412, 441968, 181013008, 1, 381, 180139328, 362, 0
1, 1820991488, 111051, 441968, 452544880, 0, 339, 452512912, 302, 0
1, 1820991488, 111051, 441968, 452544880, 1, 335, 450261664, 304, 0
1, 1820991488, 222065, 441968, 905088784, 0, 277, 905028720, 209, -416
1, 1820991488, 222065, 441968, 905088784, 1, 276, 900681280, 209, 128
1, 1820991488, 332046, 441968, 1357641808, 0, 217, 1357608768, 105, 256
1, 1820991488, 332046, 441968, 1357641808, 1, 216, 1355266528, 105, 128
1, 1820991488, 397988, 441968, 1629184144, 0, 185, 1629173360, 44, 96
1, 1820991488, 397988, 441968, 1629184144, 1, 180, 1628272448, 43, 128
1, 1820991488, 441966, 441968, 1810194688, 0, 174, 1810195904, 8, 256
1, 1820991488, 441966, 441968, 1810194688, 1, 154, 1810142592, 7, 128
1, 1921654784, 0, 466522, 0, 0, 0, 0, 430, 0
1, 1921654784, 0, 466522, 0, 1, 418, -14592, 425, 0
1, 1921654784, 4934, 466522, 20115472, 0, 414, 20114880, 420, 64
1, 1921654784, 4934, 466522, 20115472, 1, 420, 20001600, 419, 0
1, 1921654784, 23441, 466522, 95536192, 0, 407, 95530272, 407, -384
1, 1921654784, 23441, 466522, 95536192, 1, 410, 95069488, 402, 0
1, 1921654784, 46879, 466522, 191069104, 0, 392, 191056448, 383, 0
1, 1921654784, 46879, 466522, 191069104, 1, 405, 190145376, 381, 0
1, 1921654784, 117222, 466522, 477687568, 0, 356, 477654176, 325, -224
1, 1921654784, 117222, 466522, 477687568, 1, 362, 475270640, 322, 0
1, 1921654784, 234400, 466522, 955374160, 0, 294, 955310288, 222, 0
1, 1921654784, 234400, 466522, 955374160, 1, 294, 950723808, 221, 0
1, 1921654784, 350490, 466522, 1433067424, 0, 232, 1433033296, 114, 256
1, 1921654784, 350490, 466522, 1433067424, 1, 233, 1430576080, 113, 128
1, 1921654784, 420098, 466522, 1719693904, 0, 197, 1719682640, 48, 256
1, 1921654784, 420098, 466522, 1719693904, 1, 192, 1718728288, 46, 0
1, 1921654784, 466520, 466522, 1910760544, 0, 186, 1910761792, 8, 256
1, 1921654784, 466520, 466522, 1910760544, 1, 165, 1910706880, 8, 128
1, 2022318080, 0, 491075, 0, 0, 0, 0, 449, 0
1, 2022318080, 0, 491075, 0, 1, 451, -14592, 441, 0
1, 2022318080, 4934, 491075, 20115472, 0, 438, 20114944, 445, 0
1, 2022318080, 4934, 491075, 20115472, 1, 448, 20001600, 446, 0
1, 2022318080, 24673, 491075, 100564240, 0, 426, 100557744, 424, 64
1, 2022318080, 24673, 491075, 100564240, 1, 438, 100070464, 429, 0
1, 2022318080, 49345, 491075, 201125200, 0, 416, 201112544, 403, 0
1, 2022318080, 49345, 491075, 201125200, 1, 419, 200147328, 404, 0
1, 2022318080, 123395, 491075, 502830256, 0, 375, 502795120, 338, 0
1, 2022318080, 123395, 491075, 502830256, 1, 385, 500279616, 339, 0
1, 2022318080, 246739, 491075, 1005659536, 0, 312, 1005592816, 234, 256
1, 2022318080, 246739, 491075, 1005659536, 1, 312, 1000774528, 237, 0
1, 2022318080, 368936, 491075, 1508493040, 0, 246, 1508457216, 122, 320
1, 2022318080, 368936, 491075, 1508493040, 1, 245, 1505881536, 120, -160
1, 2022318080, 442206, 491075, 1810203664, 0, 210, 1810192480, 50, 544
1, 2022318080, 442206, 491075, 1810203664, 1, 205, 1809200512, 48, 0
1, 2022318080, 491073, 491075, 2011326400, 0, 200, 2011327904, 8, 160
1, 2022318080, 491073, 491075, 2011326400, 1, 177, 2011267072, 8, 128
1, 2122981376, 0, 515629, 0, 0, 0, 0, 476, 0
1, 2122981376, 0, 515629, 0, 1, 466, -14304, 472, 0
1, 2122981376, 5346, 515629, 21791488, 0, 461, 21790832, 473, 0
1, 2122981376, 5346, 515629, 21791488, 1, 466, 21672976, 464, 0
1, 2122981376, 25909, 515629, 105592288, 0, 449, 105585152, 451, 0
1, 2122981376, 25909, 515629, 105592288, 1, 461, 105084016, 451, 0
1, 2122981376, 51814, 515629, 211181296, 0, 437, 211166832, 428, 0
1, 2122981376, 51814, 515629, 211181296, 1, 443, 210161856, 425, 0
1, 2122981376, 129567, 515629, 527972944, 0, 397, 527935648, 364, 0
1, 2122981376, 129567, 515629, 527972944, 1, 407, 525297072, 360, 0
1, 2122981376, 259077, 515629, 1055945056, 0, 330, 1055874784, 246, 0
1, 2122981376, 259077, 515629, 1055945056, 1, 332, 1050821440, 244, -32
1, 2122981376, 387382, 515629, 1583918800, 0, 259, 1583881520, 127, 256
1, 2122981376, 387382, 515629, 1583918800, 1, 261, 1581187280, 126, 128
1, 2122981376, 464317, 515629, 1900713568, 0, 222, 1900701392, 53, 256
1, 2122981376, 464317, 515629, 1900713568, 1, 218, 1899648448, 52, 128
1, 2122981376, 515627, 515629, 2111892400, 0, 210, 2111893440, 9, 272
1, 2122981376, 515627, 515629, 2111892400, 1, 187, 2111827552, 8, 192
1, 2223644672, 0, 540182, 0, 0, 0, 0, 490, 0
1, 2223644672, 0, 540182, 0, 1, 501, -14304, 492, 0
1, 2223644672, 5756, 540182, 23467504, 0, 482, 23466848, 491, 0
1, 2223644672, 5756, 540182, 23467504, 1, 495, 23335872, 487, 0
1, 2223644672, 27141, 540182, 110620336, 0, 473, 110612704, 482, 0
1, 2223644672, 27141, 540182, 110620336, 1, 481, 110076800, 481, 0
1, 2223644672, 54282, 540182, 221237392, 0, 459, 221222096, 441, 0
1, 2223644672, 54282, 540182, 221237392, 1, 468, 220167904, 446, 0
1, 2223644672, 135739, 540182, 553115632, 0, 417, 553075408, 381, 256
1, 2223644672, 135739, 540182, 553115632, 1, 421, 550306048, 380, 0
1, 2223644672, 271417, 540182, 1106230432, 0, 348, 1106155584, 258, 192
1, 2223644672, 271417, 540182, 1106230432, 1, 350, 1100872160, 260, 0
1, 2223644672, 405828, 540182, 1659344416, 0, 273, 1659304880, 137, 320
1, 2223644672, 405828, 540182, 1659344416, 1, 276, 1656505024, 135, -320
1, 2223644672, 486428, 540182, 1991223328, 0, 235, 1991209776, 56, 256
1, 2223644672, 486428, 540182, 1991223328, 1, 231, 1990108384, 53, 128
1, 2223644672, 540180, 540182, 2212458256, 0, 223, 2212455776, 9, 320
1, 2223644672, 540180, 540182, 2212458256, 1, 199, 2212400032, 8, 144
1, 2324307968, 0, 564735, 0, 0, 0, 0, 522, 0
1, 2324307968, 0, 564735, 0, 1, 524, -14304, 524, 0
1, 2324307968, 5756, 564735, 23467504, 0, 506, 23466656, 525, 64
1, 2324307968, 5756, 564735, 23467504, 1, 519, 23335872, 520, 0
1, 2324307968, 28375, 564735, 115648384, 0, 495, 115640816, 492, 0
1, 2324307968, 28375, 564735, 115648384, 1, 510, 115085968, 499, 0
1, 2324307968, 56748, 564735, 231293488, 0, 482, 231278128, 467, 64
1, 2324307968, 56748, 564735, 231293488, 1, 496, 230165760, 475, 0
1, 2324307968, 141909, 564735, 578258320, 0, 437, 578216448, 399, 0
1, 2324307968, 141909, 564735, 578258320, 1, 440, 575310928, 396, 0
1, 2324307968, 283751, 564735, 1156515808, 0, 365, 1156438272, 270, 208
1, 2324307968, 283751, 564735, 1156515808, 1, 371, 1150898304, 277, 128
1, 2324307968, 424273, 564735, 1734770032, 0, 289, 1734729056, 141, 256
1, 2324307968, 424273, 564735, 1734770032, 1, 292, 1731798192, 144, 128
1, 2324307968, 508538, 564735, 2081733088, 0, 246, 2081719088, 58, 320
1, 2324307968, 508538, 564735, 2081733088, 1, 244, 2080576512, 58, 128
1, 2324307968, 564733, 564735, 2313024112, 0, 234, 2313025808, 10, 256
1, 2324307968, 564733, 564735, 2313024112, 1, 211, 2312972512, 9, 128
1, 2424971264, 0, 589289, 0, 0, 0, 0, 549, 0
1, 2424971264, 0, 589289, 0, 1, 552, -14304, 539, 0
1, 2424971264, 6167, 589289, 25143520, 0, 528, 25142864, 542, 0
1, 2424971264, 6167, 589289, 25143520, 1, 546, 25002864, 533, 0
1, 2424971264, 29607, 589289, 120676432, 0, 517, 120668864, 526, 0
1, 2424971264, 29607, 589289, 120676432, 1, 531, 120086944, 513, 0
1, 2424971264, 59215, 589289, 241349584, 0, 502, 241333904, 502, 0
1, 2424971264, 59215, 589289, 241349584, 1, 515, 240184096, 490, 0
1, 2424971264, 148080, 589289, 603401008, 0, 458, 603357232, 421, -128
1, 2424971264, 148080, 589289, 603401008, 1, 471, 600307616, 418, 0
1, 2424971264, 296090, 589289, 1206801184, 0, 381, 1206720608, 287, 0
1, 2424971264, 296090, 589289, 1206801184, 1, 388, 1200957216, 288, 0
1, 2424971264, 442719, 589289, 1810195648, 0, 301, 1810152784, 147, 256
1, 2424971264, 442719, 589289, 1810195648, 1, 308, 1807107744, 146, -208
1, 2424971264, 530648, 589289, 2172242848, 0, 258, 2172228608, 61, 544
1, 2424971264, 530648, 589289, 2172242848, 1, 257, 2171040544, 60, 352
1, 2424971264, 589287, 589289, 2413589968, 0, 246, 2413591744, 10, 256
1, 2424971264, 589287, 589289, 2413589968, 1, 223, 2413536800, 9, 128
1, 2525634560, 0, 613842, 0, 0, 0, 0, 564, 0
1, 2525634560, 0, 613842, 0, 1, 581, -14304, 564, 0
1, 2525634560, 6167, 613842, 25143520, 0, 551, 25142864, 571, 0
1, 2525634560, 6167, 613842, 25143520, 1, 561, 25002864, 573, 0
1, 2525634560, 30841, 613842, 125704480, 0, 541, 125696656, 544, 0
1, 2525634560, 30841, 613842, 125704480, 1, 550, 125087920, 544, 0
1, 2525634560, 61681, 613842, 251405680, 0, 524, 251389680, 519, 0
1, 2525634560, 61681, 613842, 251405680, 1, 532, 250186048, 520, 0
1, 2525634560, 154250, 613842, 628543696, 0, 478, 628498160, 443, 0
1, 2525634560, 154250, 613842, 628543696, 1, 492, 625316592, 437, 128
1, 2525634560, 308425, 613842, 1257086560, 0, 399, 1257002896, 300, 0
1, 2525634560, 308425, 613842, 1257086560, 1, 407, 1250995648, 301, 0
1, 2525634560, 461165, 613842, 1885621264, 0, 318, 1885576960, 156, 0
1, 2525634560, 461165, 613842, 1885621264, 1, 322, 1882421392, 157, -160
1, 2525634560, 552756, 613842, 2262752608, 0, 269, 2262738336, 65, 544
1, 2525634560, 552756, 613842, 2262752608, 1, 271, 2261488192, 65, 128
1, 2525634560, 613840, 613842, 2514155824, 0, 258, 2514157840, 11, 256
1, 2525634560, 613840, 613842, 2514155824, 1, 233, 2514101088, 10, 128
1, 2626297856, 0, 638396, 0, 0, 0, 0, 599, 0
1, 2626297856, 0, 638396, 0, 1, 597, -14304, 591, 0
1, 2626297856, 6579, 638396, 26819536, 0, 576, 26818224, 598, 0
1, 2626297856, 6579, 638396, 26819536, 1, 602, 26673952, 583, 0
1, 2626297856, 32075, 638396, 130732528, 0, 564, 130723808, 578, 0
1, 2626297856, 32075, 638396, 130732528, 1, 571, 130097088, 574, 0
1, 2626297856, 64150, 638396, 261461776, 0, 547, 261443984, 547, 128
1, 2626297856, 64150, 638396, 261461776, 1, 556, 260200288, 534, 0
1, 2626297856, 160422, 638396, 653686384, 0, 499, 653638384, 460, 192
1, 2626297856, 160422, 638396, 653686384, 1, 512, 650325568, 456, 0
1, 2626297856, 320764, 638396, 1307371936, 0, 415, 1307285360, 313, -432
1, 2626297856, 320764, 638396, 1307371936, 1, 425, 1301034080, 314, 0
1, 2626297856, 479611, 638396, 1961046880, 0, 330, 1961000496, 160, 288
1, 2626297856, 479611, 638396, 1961046880, 1, 338, 1957735040, 164, 0
1, 2626297856, 574867, 638396, 2353262368, 0, 284, 2353247808, 69, 368
1, 2626297856, 574867, 638396, 2353262368, 1, 283, 2351944032, 67, 416
1, 2626297856, 638394, 638396, 2614721680, 0, 268, 2614723600, 11, 256
1, 2626297856, 638394, 638396, 2614721680, 1, 245, 2614673568, 10, 128
1, 2726961152, 0, 662949, 0, 0, 0, 0, 620, 0
1, 2726961152, 0, 662949, 0, 1, 626, -14304, 609, 0
1, 2726961152, 6991, 662949, 28495552, 0, 601, 28493808, 608, 0
1, 2726961152, 6991, 662949, 28495552, 1, 627, 28345040, 605, 0
1, 2726961152, 33309, 662949, 135760576, 0, 586, 135751344, 581, 0
1, 2726961152, 33309, 662949, 135760576, 1, 613, 135106256, 581, 0
1, 2726961152, 66618, 662949, 271517872, 0, 569, 271499376, 563, 0
1, 2726961152, 66618, 662949, 271517872, 1, 580, 270210432, 548, 0
1, 2726961152, 166592, 662949, 678829072, 0, 519, 678779296, 480, 0
1, 2726961152, 166592, 662949, 678829072, 1, 538, 675334544, 472, 0
1, 2726961152, 333099, 662949, 1357657312, 0, 432, 1357567648, 325, 0
1, 2726961152, 333099, 662949, 1357657312, 1, 445, 1351068416, 325, 64
1, 2726961152, 498056, 662949, 2036472496, 0, 345, 2036424992, 171, 192
1, 2726961152, 498056, 662949, 2036472496, 1, 348, 2033024112, 170, 448
1, 2726961152, 596978, 662949, 2443772128, 0, 295, 2443756512, 70, 256
1, 2726961152, 596978, 662949, 2443772128, 1, 296, 2442424448, 71, 0
1, 2726961152, 662947, 662949, 2715287536, 0, 281, 2715289744, 12, 256
1, 2726961152, 662947, 662949, 2715287536, 1, 257, 2715237856, 10, 80
1, 2827624448, 0, 687503, 0, 0, 0, 0, 648, 0
1, 2827624448, 0, 687503, 0, 1, 648, -14304, 641, 0
1, 2827624448, 6991, 687503, 28495552, 0, 623, 28493808, 645, 0
1, 2827624448, 6991, 687503, 28495552, 1, 650, 28345040, 641, 0
1, 2827624448, 34542, 687503, 140788624, 0, 607, 140779392, 618, 0
1, 2827624448, 34542, 687503, 140788624, 1, 638, 140103136, 622, 0
1, 2827624448, 69085, 687503, 281573968, 0, 589, 281555280, 585, 0
1, 2827624448, 69085, 687503, 281573968, 1, 612, 280216480, 584, 0
1, 2827624448, 172766, 687503, 703971760, 0, 538, 703919568, 494, -448
1, 2827624448, 172766, 687503, 703971760, 1, 555, 700355808, 489, 0
1, 2827624448, 345439, 687503, 1407942688, 0, 450, 1407849472, 340, 0
1, 2827624448, 345439, 687503, 1407942688, 1, 465, 1401123232, 335, 128
1, 2827624448, 516502, 687503, 2111898112, 0, 358, 2111848976, 178, 128
1, 2827624448, 516502, 687503, 2111898112, 1, 368, 2108337760, 173, 0
1, 2827624448, 619089, 687503, 2534281888, 0, 307, 2534265888, 73, 0
1, 2827624448, 619089, 687503, 2534281888, 1, 311, 2532880288, 73, 128
1, 2827624448, 687501, 687503, 2815853392, 0, 292, 2815855680, 12, 144
1, 2827624448, 687501, 687503, 2815853392, 1, 268, 2815802144, 10, 128
1, 2928287744, 0, 712056, 0, 0, 0, 0, 674, 0
1, 2928287744, 0, 712056, 0, 1, 669, -14304, 675, 0
1, 2928287744, 7402, 712056, 30171568, 0, 645, 30169824, 673, 0
1, 2928287744, 7402, 712056, 30171568, 1, 665, 30012032, 658, 0
1, 2928287744, 35775, 712056, 145816672, 0, 631, 145807056, 645, 0
1, 2928287744, 35775, 712056, 145816672, 1, 660, 145104112, 637, 0
1, 2928287744, 71551, 712056, 291630064, 0, 612, 291611056, 590, -384
1, 2928287744, 71551, 712056, 291630064, 1, 632, 290218432, 595, 0
1, 2928287744, 178937, 712056, 729114448, 0, 558, 729059840, 513, 128
1, 2928287744, 178937, 712056, 729114448, 1, 584, 725336112, 517, 256
1, 2928287744, 357777, 712056, 1458228064, 0, 468, 1458131024, 354, 64
1, 2928287744, 357777, 712056, 1458228064, 1, 475, 1451157568, 353, 160
1, 2928287744, 534947, 712056, 2187323728, 0, 371, 2187272944, 180, 80
1, 2928287744, 534947, 712056, 2187323728, 1, 383, 2183635024, 183, 96
1, 2928287744, 641200, 712056, 2624791648, 0, 319, 2624774880, 79, 128
1, 2928287744, 641200, 712056, 2624791648, 1, 321, 2623336128, 77, 0
1, 2928287744, 712054, 712056, 2916419248, 0, 304, 2916421232, 12, 192
1, 2928287744, 712054, 712056, 2916419248, 1, 278, 2916362336, 11, 128
1, 2978619392, 0, 726788, 0, 0, 0, 0, 685, 0
1, 2978619392, 0, 726788, 0, 1, 682, -14304, 665, 0
1, 2978619392, 7402, 726788, 30171568, 0, 662, 30169824, 686, 0
1, 2978619392, 7402, 726788, 30171568, 1, 664, 30012032, 674, 0
1, 2978619392, 36598, 726788, 149168704, 0, 644, 149158832, 650, 128
1, 2978619392, 36598, 726788, 149168704, 1, 658, 148446288, 654, 0
1, 2978619392, 73195, 726788, 298334128, 0, 627, 298314608, 602, 0
1, 2978619392, 73195, 726788, 298334128, 1, 641, 296890496, 616, 0
1, 2978619392, 182638, 726788, 744199408, 0, 571, 744143696, 512, 0
1, 2978619392, 182638, 726788, 744199408, 1, 588, 740359520, 513, 0
1, 2978619392, 365178, 726788, 1488397984, 0, 477, 1488298784, 358, 128
1, 2978619392, 365178, 726788, 1488397984, 1, 490, 1481188000, 359, 0
1, 2978619392, 546012, 726788, 2232577792, 0, 381, 2232526448, 184, 160
1, 2978619392, 546012, 726788, 2232577792, 1, 392, 2228799456, 188, -160
1, 2978619392, 654712, 726788, 2680102624, 0, 325, 2680085520, 79, 0
1, 2978619392, 654712, 726788, 2680102624, 1, 329, 2678621296, 79, 64
1, 2978619392, 726786, 726788, 2976758272, 0, 309, 2976760592, 13, 192
1, 2978619392, 726786, 726788, 2976758272, 1, 285, 2976705824, 11, 80
1, 3481935872, 0, 847918, 0, 0, 0, 0, 806, 0
1, 3481935872, 0, 847918, 0, 1, 807, -14016, 792, 0
1, 3481935872, 8635, 847918, 35199616, 0, 773, 35197744, 791, 64
1, 3481935872, 8635, 847918, 35199616, 1, 793, 35009200, 787, 64
1, 3481935872, 42764, 847918, 174308944, 0, 754, 174298048, 762, 0
1, 3481935872, 42764, 847918, 174308944, 1, 769, 173451456, 750, 64
1, 3481935872, 85531, 847918, 348614608, 0, 734, 348592144, 730, 0
1, 3481935872, 85531, 847918, 348614608, 1, 753, 346929216, 737, 0
1, 3481935872, 213065, 847918, 868224592, 0, 668, 868157152, 613, 0
1, 3481935872, 213065, 847918, 868224592, 1, 692, 863795040, 596, 0
1, 3481935872, 426032, 847918, 1736448352, 0, 561, 1736333600, 423, -192
1, 3481935872, 426032, 847918, 1736448352, 1, 575, 1728046464, 421, 128
1, 3481935872, 637023, 847918, 2604665728, 0, 449, 2604604864, 220, 0
1, 3481935872, 637023, 847918, 2604665728, 1, 463, 2600248224, 217, 352
1, 3481935872, 763624, 847918, 3125947504, 0, 384, 3125927360, 94, 128
1, 3481935872, 763624, 847918, 3125947504, 1, 391, 3124216432, 95, -160
1, 3481935872, 847916, 847918, 3472883632, 0, 363, 3472886432, 15, 192
1, 3481935872, 847916, 847918, 3472883632, 1, 340, 3472826816, 13, 128
1, 3985252352, 0, 969048, 0, 0, 0, 0, 912, 0
1, 3985252352, 0, 969048, 0, 1, 912, -13568, 921, 0
1, 3985252352, 9868, 969048, 40227664, 0, 881, 40225792, 894, -256
1, 3985252352, 9868, 969048, 40227664, 1, 903, 40018816, 865, 0
1, 3985252352, 48932, 969048, 199449184, 0, 861, 199436624, 865, 128
1, 3985252352, 48932, 969048, 199449184, 1, 876, 198489552, 875, 0
1, 3985252352, 97455, 969048, 397219072, 0, 836, 397192896, 811, 0
1, 3985252352, 97455, 969048, 397219072, 1, 865, 395297008, 828, 128
1, 3985252352, 243493, 969048, 992249776, 0, 762, 992179312, 699, 0
1, 3985252352, 243493, 969048, 992249776, 1, 779, 987218432, 696, 0
1, 3985252352, 486885, 969048, 1984498720, 0, 639, 1984366208, 481, 416
1, 3985252352, 486885, 969048, 1984498720, 1, 643, 1974896896, 483, 128
1, 3985252352, 728031, 969048, 2976753520, 0, 506, 2976682304, 252, 0
1, 3985252352, 728031, 969048, 2976753520, 1, 520, 2971652096, 248, 224
1, 3985252352, 872946, 969048, 3573468480, 0, 432, 3573444912, 113, 256
1, 3985252352, 872946, 969048, 3573468480, 1, 438, 3571499200, 110, 64
1, 3985252352, 969046, 969048, 3969009072, 0, 405, 3969011984, 17, 192
1, 3985252352, 969046, 969048, 3969009072, 1, 382, 3968947968, 15, 128
1, 4471791616, 0, 1090178, 0, 0, 0, 0, 1020, 0
1, 4471791616, 0, 1090178, 0, 1, 1044, -13568, 1016, 0
1, 4471791616, 11103, 1090178, 45255712, 0, 989, 45253232, 1001, 0
1, 4471791616, 11103, 1090178, 45255712, 1, 1024, 45027984, 1000, 0
1, 4471791616, 55101, 1090178, 224589424, 0, 971, 224575648, 974, 0
1, 4471791616, 55101, 1090178, 224589424, 1, 987, 223510816, 972, 0
1, 4471791616, 109791, 1090178, 447499552, 0, 941, 447470368, 920, 0
1, 4471791616, 109791, 1090178, 447499552, 1, 959, 445343632, 919, 0
1, 4471791616, 273924, 1090178, 1116274960, 0, 859, 1116197008, 777, 64
1, 4471791616, 273924, 1090178, 1116274960, 1, 884, 1110674144, 786, 0
1, 4471791616, 547743, 1090178, 2232549088, 0, 717, 2232400640, 540, 160
1, 4471791616, 547743, 1090178, 2232549088, 1, 732, 2221763264, 529, 0
1, 4471791616, 819040, 1090178, 3348841312, 0, 572, 3348760992, 286, 128
1, 4471791616, 819040, 1090178, 3348841312, 1, 589, 3343088288, 283, 128
1, 4471791616, 981859, 1090178, 4019312400, 0, 487, 4019286272, 125, 144
1, 4471791616, 981859, 1090178, 4019312400, 1, 497, 4017118624, 129, 0
1, 4471791616, 1090176, 1090178, 170166176, 0, 455, 4465136704, 19, 192
1, 4471791616, 1090176, 1090178, 170166176, 1, 432, 4465068672, 17, 128
1, 4975108096, 0, 1211309, 0, 0, 0, 0, 1144, 0
1, 4975108096, 0, 1211309, 0, 1, 1153, -13248, 1124, 0
1, 4975108096, 12336, 1211309, 50283760, 0, 1104, 50281248, 1144, 0
1, 4975108096, 12336, 1211309, 50283760, 1, 1116, 50029280, 1138, 0
1, 4975108096, 60858, 1211309, 248053648, 0, 1082, 248038720, 1092, 0
1, 4975108096, 60858, 1211309, 248053648, 1, 1121, 246861312, 1075, 128
1, 4975108096, 121717, 1211309, 496104016, 0, 1047, 496071376, 1050, 0
1, 4975108096, 121717, 1211309, 496104016, 1, 1070, 493715392, 1049, 0
1, 4975108096, 304362, 1211309, 1240304224, 0, 955, 1240217680, 872, 0
1, 4975108096, 304362, 1211309, 1240304224, 1, 984, 1234097408, 877, 0
1, 4975108096, 608605, 1211309, 2480608592, 0, 802, 2480442816, 606, 192
1, 4975108096, 608605, 1211309, 2480608592, 1, 827, 2468625856, 609, 64
1, 4975108096, 910045, 1211309, 3720933344, 0, 637, 3720844832, 315, -320
1, 4975108096, 910045, 1211309, 3720933344, 1, 650, 3714541184, 310, 192
1, 4975108096, 1090771, 1211309, 170190000, 0, 541, 4465128464, 142, 128
1, 4975108096, 1090771, 1211309, 170190000, 1, 552, 4462717888, 141, 64
1, 4975108096, 1211307, 1211309, 666291552, 0, 501, 4961262640, 22, 144
1, 4975108096, 1211307, 1211309, 666291552, 1, 482, 4961201984, 18, 128
1, 5461647360, 0, 1332438, 0, 0, 0, 0, 1259, 0
1, 5461647360, 0, 1332438, 0, 1, 1250, -13248, 1268, 0
1, 5461647360, 13569, 1332438, 55311808, 0, 1221, 55309296, 1258, -384
1, 5461647360, 13569, 1332438, 55311808, 1, 1239, 55030256, 1258, 0
1, 5461647360, 67025, 1332438, 273193888, 0, 1193, 273176656, 1206, 0
1, 5461647360, 67025, 1332438, 273193888, 1, 1229, 271878480, 1188, 0
1, 5461647360, 134051, 1332438, 546384496, 0, 1160, 546348208, 1146, 0
1, 5461647360, 134051, 1332438, 546384496, 1, 1182, 543745632, 1157, -416
1, 5461647360, 334805, 1332438, 1364341648, 0, 1056, 1364245232, 964, 128
1, 5461647360, 334805, 1332438, 1364341648, 1, 1085, 1357454816, 956, 128
1, 5461647360, 669463, 1332438, 2728682624, 0, 888, 2728501696, 659, 0
1, 5461647360, 669463, 1332438, 2728682624, 1, 895, 2715484032, 664, 128
1, 5461647360, 1001035, 1332438, 4093032560, 0, 706, 4092936192, 347, 0
1, 5461647360, 1001035, 1332438, 4093032560, 1, 735, 4086034720, 351, 192
1, 5461647360, 1200093, 1332438, 617709936, 0, 600, 4912645216, 160, 128
1, 5461647360, 1200093, 1332438, 617709936, 1, 617, 4909983824, 159, 192
1, 5461647360, 1332436, 1332438, 1162415952, 0, 554, 5457387424, 24, 192
1, 5461647360, 1332436, 1332438, 1162415952, 1, 538, 5457314496, 20, 128
1, 5964963840, 0, 1453569, 0, 0, 0, 0, 1375, 0
1, 5964963840, 0, 1453569, 0, 1, 1377, -12960, 1368, 0
1, 5964963840, 14803, 1453569, 60339856, 0, 1336, 60336000, 1387, 0
1, 5964963840, 14803, 1453569, 60339856, 1, 1398, 60043808, 1353, 0
1, 5964963840, 73193, 1453569, 298334128, 0, 1306, 298315232, 1320, 64
1, 5964963840, 73193, 1453569, 298334128, 1, 1359, 296900032, 1297, 128
1, 5964963840, 146387, 1453569, 596664976, 0, 1268, 596625168, 1262, 0
1, 5964963840, 146387, 1453569, 596664976, 1, 1286, 593788448, 1253, 0
1, 5964963840, 365249, 1453569, 1488379216, 0, 1160, 1488272496, 1069, -256
1, 5964963840, 365249, 1453569, 1488379216, 1, 1196, 1480820704, 1071, 0
1, 5964963840, 730322, 1453569, 2976757616, 0, 974, 2976559728, 726, 128
1, 5964963840, 730322, 1453569, 2976757616, 1, 1005, 2962383456, 717, 0
1, 5964963840, 1092031, 1453569, 170165440, 0, 777, 4465028208, 378, 128
1, 5964963840, 1092031, 1453569, 170165440, 1, 809, 4457561312, 382, 128
1, 5964963840, 1309007, 1453569, 1063554816, 0, 662, 5358487408, 176, 128
1, 5964963840, 1309007, 1453569, 1063554816, 1, 684, 5355591248, 175, -448
1, 5964963840, 1453567, 1453569, 1658541312, 0, 610, 5953512992, 26, 384
1, 5964963840, 1453567, 1453569, 1658541312, 1, 596, 5953443680, 22, 128
1, 6451503104, 0, 1574698, 0, 0, 0, 0, 1495, 0
1, 6451503104, 0, 1574698, 0, 1, 1521, -12960, 1518, 0
1, 6451503104, 16036, 1574698, 65367904, 0, 1449, 65363712, 1505, 0
1, 6451503104, 16036, 1574698, 65367904, 1, 1520, 65044784, 1464, 0
1, 6451503104, 79361, 1574698, 323474368, 0, 1419, 323453488, 1451, 0
1, 6451503104, 79361, 1574698, 323474368, 1, 1461, 321921296, 1441, 0
1, 6451503104, 158311, 1574698, 645269440, 0, 1376, 645225984, 1377, -320
1, 6451503104, 158311, 1574698, 645269440, 1, 1411, 642159888, 1390, 0
1, 6451503104, 395693, 1574698, 1612415824, 0, 1261, 1612298016, 1137, 0
1, 6451503104, 395693, 1574698, 1612415824, 1, 1306, 1604202688, 1139, 64
1, 6451503104, 791181, 1574698, 3224831648, 0, 1059, 3224614192, 802, 64
1, 6451503104, 791181, 1574698, 3224831648, 1, 1087, 3209229344, 788, 160
1, 6451503104, 1183026, 1574698, 542264656, 0, 846, 4837120112, 415, 128
1, 6451503104, 1183026, 1574698, 542264656, 1, 878, 4829038464, 422, 192
1, 6451503104, 1418326, 1574698, 1511074752, 0, 720, 5806004160, 191, 128
1, 6451503104, 1418326, 1574698, 1511074752, 1, 746, 5802873568, 189, -96
1, 6451503104, 1574696, 1574698, 2154665712, 0, 662, 6449638256, 28, 256
1, 6451503104, 1574696, 1574698, 2154665712, 1, 650, 6449568480, 24, 128
1, 6954819584, 0, 1695829, 0, 0, 0, 0, 1610, 0
1, 6954819584, 0, 1695829, 0, 1, 1627, -12672, 1649, 0
1, 6954819584, 17269, 1695829, 70395952, 0, 1566, 70392144, 1619, -384
1, 6954819584, 17269, 1695829, 70395952, 1, 1625, 70046048, 1605, 0
1, 6954819584, 85529, 1695829, 348614608, 0, 1531, 348591728, 1537, 0
1, 6954819584, 85529, 1695829, 348614608, 1, 1597, 346942848, 1559, 0
1, 6954819584, 170646, 1695829, 695549920, 0, 1489, 695502608, 1456, 0
1, 6954819584, 170646, 1695829, 695549920, 1, 1533, 692186320, 1483, 0
1, 6954819584, 426123, 1695829, 1736445088, 0, 1364, 1736317344, 1249, 0
1, 6954819584, 426123, 1695829, 1736445088, 1, 1393, 1727584960, 1235, 64
1, 6954819584, 852034, 1695829, 3472889360, 0, 1145, 3472653136, 858, 0
1, 6954819584, 852034, 1695829, 3472889360, 1, 1183, 3456067328, 858, 192
1, 6954819584, 1274026, 1695829, 914355712, 0, 916, 5209200368, 444, 64
1, 6954819584, 1274026, 1695829, 914355712, 1, 953, 5200491328, 447, 192
1, 6954819584, 1527235, 1695829, 1956902352, 0, 780, 6251827200, 208, 192
1, 6954819584, 1527235, 1695829, 1956902352, 1, 809, 6248452320, 204, 128
1, 6954819584, 1695827, 1695829, 2650790256, 0, 714, 6945762624, 31, 256
1, 6954819584, 1695827, 1695829, 2650790256, 1, 707, 6945697664, 27, 128
1, 7458136064, 0, 1816959, 0, 0, 0, 0, 1750, 0
1, 7458136064, 0, 1816959, 0, 1, 1751, -12672, 1738, 0
1, 7458136064, 18504, 1816959, 75424000, 0, 1682, 75418656, 1756, 0
1, 7458136064, 18504, 1816959, 75424000, 1, 1736, 75055216, 1732, 0
1, 7458136064, 91286, 1816959, 372078832, 0, 1645, 372053776, 1679, 0
1, 7458136064, 91286, 1816959, 372078832, 1, 1684, 370288928, 1687, 0
1, 7458136064, 182570, 1816959, 744154384, 0, 1597, 744103616, 1549, -128
1, 7458136064, 182570, 1816959, 744154384, 1, 1638, 740545472, 1584, 0
1, 7458136064, 456553, 1816959, 1860470272, 0, 1465, 1860332736, 1337, 128
1, 7458136064, 456553, 1816959, 1860470272, 1, 1518, 1851007904, 1305, 0
1, 7458136064, 912888, 1816959, 3720939728, 0, 1230, 3720685232, 901, 128
1, 7458136064, 912888, 1816959, 3720939728, 1, 1256, 3702917312, 926, 0
1, 7458136064, 1365032, 1816959, 1286443504, 0, 981, 5581276224, 484, 128
1, 7458136064, 1365032, 1816959, 1286443504, 1, 1022, 5571911136, 488, 0
1, 7458136064, 1636142, 1816959, 2402722608, 0, 838, 6697644640, 221, 192
1, 7458136064, 1636142, 1816959, 2402722608, 1, 867, 6694038976, 223, 128
1, 7458136064, 1816957, 1816959, 3146915472, 0, 763, 7441888736, 34, 192
1, 7458136064, 1816957, 1816959, 3146915472, 1, 757, 7441822464, 30, 128
1, 7944675328, 0, 1938089, 0, 0, 0, 0, 1873, 0
1, 7944675328, 0, 1938089, 0, 1, 1848, -12416, 1850, 0
1, 7944675328, 19737, 1938089, 80452048, 0, 1803, 80446768, 1859, -128
1, 7944675328, 19737, 1938089, 80452048, 1, 1876, 80056448, 1840, 0
1, 7944675328, 97454, 1938089, 397219072, 0, 1761, 397192736, 1785, -512
1, 7944675328, 97454, 1938089, 397219072, 1, 1783, 395310448, 1776, 0
1, 7944675328, 194904, 1938089, 794434864, 0, 1709, 794381024, 1690, -448
1, 7944675328, 194904, 1938089, 794434864, 1, 1751, 790575968, 1671, 0
1, 7944675328, 486979, 1938089, 1984495456, 0, 1559, 1984348704, 1421, 0
1, 7944675328, 486979, 1938089, 1984495456, 1, 1617, 1974422912, 1431, 0
1, 7944675328, 973740, 1938089, 3968990096, 0, 1310, 3968716560, 994, 0
1, 7944675328, 973740, 1938089, 3968990096, 1, 1370, 3949751168, 961, 64
1, 7944675328, 1456037, 1938089, 1658531424, 0, 1049, 5953354448, 513, 128
1, 7944675328, 1456037, 1938089, 1658531424, 1, 1088, 5943310720, 515, -96
1, 7944675328, 1745457, 1938089, 2850218880, 0, 896, 7145132192, 235, 128
1, 7944675328, 1745457, 1938089, 2850218880, 1, 935, 7141280592, 237, 480
1, 7944675328, 1938087, 1938089, 3643040000, 0, 815, 7938013424, 38, 192
1, 7944675328, 1938087, 1938089, 3643040000, 1, 813, 7937947520, 33, 64
1, 8447991808, 0, 2059219, 0, 0, 0, 0, 1979, 0
1, 8447991808, 0, 2059219, 0, 1, 1984, -12416, 1992, 0
1, 8447991808, 20969, 2059219, 85480096, 0, 1912, 85474688, 1951, 0
1, 8447991808, 20969, 2059219, 85480096, 1, 1951, 85049232, 1953, 64
1, 8447991808, 103621, 2059219, 422359312, 0, 1871, 422330288, 1870, 64
1, 8447991808, 103621, 2059219, 422359312, 1, 1916, 420319424, 1890, 0
1, 8447991808, 207241, 2059219, 844716160, 0, 1818, 844657536, 1803, 128
1, 8447991808, 207241, 2059219, 844716160, 1, 1904, 840610304, 1808, 128
1, 8447991808, 517405, 2059219, 2108520640, 0, 1665, 2108363840, 1489, 0
1, 8447991808, 517405, 2059219, 2108520640, 1, 1701, 2097854048, 1505, 0
1, 8447991808, 1034596, 2059219, 4217041280, 0, 1396, 4216749872, 1042, 0
1, 8447991808, 1034596, 2059219, 4217041280, 1, 1426, 4196584768, 1032, 128
1, 8447991808, 1547049, 2059219, 2030619216, 0, 1118, 6325432848, 556, 128
1, 8447991808, 1547049, 2059219, 2030619216, 1, 1162, 6314763296, 546, 192
1, 8447991808, 1854366, 2059219, 3296039952, 0, 952, 7590953712, 248, 128
1, 8447991808, 1854366, 2059219, 3296039952, 1, 990, 7586854960, 253, 192
1, 8447991808, 2059217, 2059219, 4139165216, 0, 866, 8434139520, 40, 320
1, 8447991808, 2059217, 2059219, 4139165216, 1, 868, 8434072320, 37, 192
1, 8934531072, 0, 2180349, 0, 0, 0, 0, 2094, 0
1, 8934531072, 0, 2180349, 0, 1, 2080, -12096, 2128, 0
1, 8934531072, 22207, 2180349, 90510592, 0, 2029, 90504304, 2089, 0
1, 8934531072, 22207, 2180349, 90510592, 1, 2078, 90050528, 2062, 0
1, 8934531072, 109808, 2180349, 447511952, 0, 1984, 447480352, 2009, 0
1, 8934531072, 109808, 2180349, 447511952, 1, 1977, 445283664, 1940, 0
1, 8934531072, 219172, 2180349, 893344448, 0, 1933, 893283344, 1868, -64
1, 8934531072, 219172, 2180349, 893344448, 1, 1990, 889010736, 1924, 0
1, 8934531072, 547852, 2180349, 2232558224, 0, 1767, 2232393456, 1589, 192
1, 8934531072, 547852, 2180349, 2232558224, 1, 1791, 2221232256, 1591, 64
1, 8934531072, 1095454, 2180349, 170148176, 0, 1486, 4464807312, 1080, 192
1, 8934531072, 1095454, 2180349, 170148176, 1, 1521, 4443459648, 1124, 80
1, 8934531072, 1638040, 2180349, 2402718592, 0, 1191, 6697524160, 585, 256
1, 8934531072, 1638040, 2180349, 2402718592, 1, 1235, 6686253056, 579, 64
1, 8934531072, 1963686, 2180349, 3743560048, 0, 1016, 8038466480, 271, 384
1, 8934531072, 1963686, 2180349, 3743560048, 1, 1057, 8034145792, 268, 192
1, 8934531072, 2180347, 2180349, 340322480, 0, 919, 8930264416, 43, 320
1, 8934531072, 2180347, 2180349, 340322480, 1, 925, 8930197440, 40, 192
1, 9437847552, 0, 2301479, 0, 0, 0, 0, 2243, 0
1, 9437847552, 0, 2301479, 0, 1, 2201, -12096, 2187, 0
1, 9437847552, 23443, 2301479, 95541088, 0, 2140, 95534560, 2194, 0
1, 9437847552, 23443, 2301479, 95541088, 1, 2172, 95039216, 2221, 64
1, 9437847552, 115994, 2301479, 472664432, 0, 2094, 472630096, 2121, 0
1, 9437847552, 115994, 2301479, 472664432, 1, 2176, 470276256, 2122, 0
1, 9437847552, 231514, 2301479, 943649408, 0, 2039, 943584560, 2028, 0
1, 9437847552, 231514, 2301479, 943649408, 1, 2074, 939081936, 2045, 64
1, 9437847552, 578295, 2301479, 2356595648, 0, 1861, 2356422336, 1714, 0
1, 9437847552, 578295, 2301479, 2356595648, 1, 1949, 2344634720, 1660, 64
1, 9437847552, 1156316, 2301479, 418223024, 0, 1567, 4712865744, 1171, 64
1, 9437847552, 1156316, 2301479, 418223024, 1, 1607, 4690342400, 1178, 0
1, 9437847552, 1729032, 2301479, 2774818624, 0, 1251, 7069616560, 613, 64
1, 9437847552, 1729032, 2301479, 2774818624, 1, 1302, 7057758880, 606, 128
1, 9437847552, 2072600, 2301479, 4189404784, 0, 1071, 8484312560, 285, 272
1, 9437847552, 2072600, 2301479, 4189404784, 1, 1118, 8479744736, 276, 128
1, 9437847552, 2301477, 2301479, 836447696, 0, 966, 9426389856, 48, 320
1, 9437847552, 2301477, 2301479, 836447696, 1, 975, 9426314048, 44, 192
