1, 1847296, 9, 38, 7360, 0, 0, 3376, 0, 0
2, 5967872, 54, 83, 1335808, 0, 1, 159616, 0, 23264
3, 9560064, 232, 259, 2993008, 0, 1, 2995712, 0, 1180512
4, 14843904, 799, 836, 7342640, 0, 1, 7343584, 0, 17408
5, 14843904, 1395, 1437, 4775088, 0, 1, 4783664, 0, 5872
6, 22908928, 368, 429, 5497024, 0, 1, 1280272, 1, 55696
7, 33710080, 1562, 1612, 17737632, 0, 2, 17750080, 1, 4243744
8, 33710080, 1050, 1110, 10570896, 0, 2, 4189808, 1, 41072
9, 49451008, 4817, 4868, 21193360, 0, 3, 21224464, 1, 6405328
10, 66228224, 3901, 3951, 38346608, 0, 3, 29130272, 2, 49984
11, 66228224, 5207, 5254, 29164304, 0, 3, 24355776, 1, 9259360
12, 66228224, 1444, 1502, 15021200, 0, 2, 14952448, 1, 4908032
13, 66228224, 5944, 5997, 37147952, 0, 3, 37209952, 1, 124000
14, 66228224, 6470, 6513, 25204144, 0, 3, 25305120, 1, 8416
15, 66228224, 2078, 2125, 14396976, 0, 3, 8790336, 2, 13264
16, 83005440, 36, 141, 18021328, 0, 3, 11515840, 2, 5781328
17, 83005440, 7857, 7906, 45116432, 0, 4, 45215904, 2, 6521328
18, 83005440, 8100, 8179, 33255040, 0, 4, 33313984, 2, 30048
19, 83005440, 7728, 7804, 30570096, 0, 4, 30550832, 2, 150400
20, 83005440, 7729, 7807, 31264576, 0, 4, 31305072, 2, 50400
21, 83005440, 7185, 7264, 26719280, 0, 4, 26794208, 2, 42688
22, 83005440, 7177, 7250, 27512672, 0, 4, 27587248, 2, 50256
23, 83005440, 6856, 6936, 24493728, 0, 4, 24532112, 2, 94352
24, 83005440, 7062, 7144, 25546544, 0, 4, 25599712, 2, 61104
25, 83005440, 8420, 8502, 35164208, 0, 4, 35215472, 2, 46800
26, 83005440, 7721, 7806, 31578896, 0, 4, 31620304, 2, 71104
27, 83005440, 7718, 7797, 29974208, 0, 4, 30010752, 2, 64864
28, 83005440, 7273, 7354, 29554176, 0, 5, 29646336, 2, 48304
29, 83005440, 7174, 7260, 26463952, 0, 4, 26514864, 2, 81184
30, 83005440, 7118, 7209, 24828560, 0, 4, 24866560, 2, 77120
31, 83005440, 7575, 7658, 29454272, 0, 4, 29492320, 2, 80864
32, 83005440, 7100, 7183, 26001504, 0, 4, 26070656, 2, 40624
33, 83005440, 7159, 7242, 28381136, 0, 4, 28473872, 2, 78976
34, 83005440, 7452, 7538, 27831744, 0, 4, 27876960, 2, 69888
35, 83005440, 7408, 7488, 28266736, 0, 4, 28344000, 2, 45600
36, 83005440, 7371, 7450, 28399536, 0, 4, 28490208, 2, 43664
37, 83005440, 7631, 7710, 30741488, 0, 4, 30834864, 2, 35664
38, 83005440, 7588, 7677, 29168288, 0, 4, 29214640, 2, 71632
39, 83005440, 7180, 7261, 26695136, 0, 4, 26781584, 2, 39008
40, 83005440, 7695, 7779, 32162016, 0, 4, 32214640, 2, 65296
41, 83005440, 7458, 7545, 28459456, 0, 4, 28515088, 2, 67456
42, 83005440, 7219, 7302, 27552912, 0, 4, 27620608, 2, 58624
43, 83005440, 7646, 7729, 31226048, 0, 4, 31282544, 2, 50048
44, 83005440, 3417, 3508, 21138800, 0, 3, 13278272, 2, 86432
45, 116559872, 14408, 14494, 71311840, 0, 6, 71503680, 2, 7886960
46, 116559872, 13993, 14076, 53186192, 0, 6, 53383776, 2, 18032
47, 116559872, 16035, 16122, 72565328, 0, 6, 72724608, 2, 35840
48, 116559872, 14332, 14413, 54917680, 0, 6, 55155232, 2, 12832
49, 116559872, 13631, 13720, 50872304, 0, 6, 51052320, 2, 31440
50, 116559872, 13131, 13214, 51147168, 0, 5, 51493696, 2, 22224
51, 116559872, 14714, 14797, 63859520, 0, 6, 64169616, 2, 21312
52, 116559872, 14353, 14437, 57443520, 0, 6, 57648720, 2, 25664
53, 116559872, 14753, 14842, 58686944, 0, 6, 58867232, 2, 46928
54, 116559872, 14936, 15024, 56855712, 0, 6, 57011008, 2, 36384
55, 116559872, 14448, 14531, 56344336, 0, 6, 56532224, 2, 15808
56, 116559872, 14501, 14580, 56559376, 0, 6, 56801488, 2, 17088
57, 116559872, 14591, 14683, 57343216, 0, 6, 57536512, 2, 31776
58, 116559872, 13562, 13647, 51497936, 0, 6, 51756640, 2, 17296
59, 116559872, 13722, 13810, 52650464, 0, 6, 52888480, 2, 25824
60, 116559872, 13844, 13933, 52715968, 0, 6, 52945280, 2, 30528
61, 116559872, 14121, 14209, 55078720, 0, 5, 55306032, 2, 27184
1, 557056, 6, 27, 2528, 0, 0, 1520, 0, 0
2, 1474560, 9, 35, 241408, 0, 0, 13440, 0, 35072
3, 3559424, 42, 69, 1726528, 0, 0, 1306224, 0, 252896
4, 5378048, 292, 312, 2361568, 0, 1, 1924496, 0, 839680
5, 7897088, 112, 130, 3023872, 0, 0, 2270704, 0, 36304
6, 7897088, 682, 700, 4145408, 0, 1, 4169984, 0, 770048
7, 7897088, 680, 696, 2698512, 0, 0, 2724336, 0, 3936
8, 7897088, 680, 696, 2687632, 0, 0, 2717200, 0, 3936
9, 7897088, 672, 687, 5101824, 0, 1, 5125488, 0, 0
10, 7897088, 665, 680, 2626976, 0, 0, 2656864, 0, 0
11, 7897088, 664, 680, 2631184, 0, 1, 2658592, 0, 3760
12, 7897088, 664, 680, 2631808, 0, 0, 2659936, 0, 3936
13, 7897088, 664, 680, 2612144, 0, 1, 2639184, 0, 3936
14, 7897088, 664, 680, 2631072, 0, 0, 2660768, 0, 3936
15, 7897088, 665, 680, 2621760, 0, 1, 2647456, 0, 0
16, 7897088, 665, 680, 2613744, 0, 1, 2648368, 0, 0
17, 7897088, 665, 680, 2619824, 0, 1, 2654048, 0, 0
18, 7897088, 665, 680, 2635712, 0, 5, 2663232, 0, 0
19, 7897088, 665, 680, 2630160, 0, 1, 2656880, 0, 0
20, 7897088, 665, 680, 2627264, 0, 1, 2657600, 0, 0
21, 7897088, 665, 680, 2628896, 0, 1, 2658288, 0, 0
22, 7897088, 665, 680, 2625936, 0, 0, 2655184, 0, 0
23, 7897088, 665, 680, 2623600, 0, 1, 2655584, 0, 0
24, 7897088, 665, 680, 2624384, 0, 1, 2654592, 0, 0
25, 7897088, 664, 680, 2622640, 0, 1, 2653232, 0, 3936
26, 7897088, 665, 680, 2619472, 0, 1, 2653488, 0, 0
27, 7897088, 665, 680, 2629008, 0, 1, 2658464, 0, 0
28, 7897088, 665, 680, 2613136, 0, 1, 2640880, 0, 64
29, 7897088, 632, 649, 2532480, 0, 1, 2516624, 0, 0
30, 11460608, 1445, 1462, 8299680, 0, 1, 8354912, 0, 49152
31, 11460608, 1444, 1459, 5790688, 0, 1, 5850592, 0, 0
32, 11460608, 1444, 1459, 5776592, 0, 1, 5838752, 0, 0
33, 11460608, 1444, 1459, 5798352, 0, 1, 5856576, 0, 0
34, 11460608, 1444, 1459, 5788112, 0, 1, 5846784, 0, 704
35, 11460608, 1444, 1459, 5769264, 0, 1, 5829072, 0, 0
36, 11460608, 1443, 1459, 5774192, 0, 1, 5834496, 0, 4048
37, 11460608, 1443, 1459, 5782592, 0, 1, 5839280, 0, 3984
38, 11460608, 1443, 1459, 5799168, 0, 1, 5859824, 0, 3984
39, 11460608, 1444, 1459, 5791760, 0, 1, 5852464, 0, 0
40, 11460608, 1444, 1459, 5780208, 0, 1, 5843104, 0, 0
41, 11460608, 1444, 1459, 5788864, 0, 1, 5844896, 0, 0
42, 11460608, 1444, 1459, 5786128, 0, 1, 5847888, 0, 0
43, 11460608, 1443, 1459, 5781600, 0, 1, 5838800, 0, 3984
44, 11460608, 1442, 1459, 5774160, 0, 1, 5836592, 0, 3984
45, 11460608, 1443, 1459, 5779312, 0, 1, 5837504, 0, 3984
46, 11460608, 1443, 1459, 5784320, 0, 1, 5844864, 0, 3984
47, 11460608, 1443, 1459, 5783616, 0, 1, 5842752, 0, 3984
48, 11460608, 1443, 1459, 5793328, 0, 1, 5851680, 0, 3984
49, 11460608, 1443, 1459, 5783552, 0, 1, 5840848, 0, 3984
50, 11460608, 1443, 1459, 5785392, 0, 1, 5843040, 0, 3984
51, 11460608, 1443, 1459, 5782448, 0, 1, 5838464, 0, 5008
52, 11460608, 1443, 1459, 5786320, 0, 1, 5846032, 0, 3984
53, 11460608, 1443, 1459, 5795792, 0, 1, 5860064, 0, 3984
54, 11460608, 1442, 1459, 5787104, 0, 1, 5846352, 0, 7952
55, 11460608, 1443, 1459, 5779776, 0, 1, 5840480, 0, 3984
56, 11460608, 1443, 1459, 5776000, 0, 1, 5834640, 0, 3984
57, 11460608, 1443, 1459, 5781104, 0, 1, 5837600, 0, 3984
58, 11460608, 1444, 1459, 5788176, 0, 1, 5849184, 0, 0
59, 11460608, 1444, 1459, 5790832, 0, 1, 5851104, 0, 0
60, 11460608, 1444, 1459, 5779904, 0, 1, 5842608, 0, 0
61, 11460608, 1444, 1459, 5793168, 0, 1, 5851792, 0, 0
62, 11460608, 1443, 1459, 5789520, 0, 1, 5848592, 0, 4048
63, 11460608, 1444, 1459, 5787728, 0, 1, 5845808, 0, 0
64, 11460608, 1444, 1459, 5776080, 0, 1, 5837152, 0, 0
65, 11460608, 1444, 1459, 5794080, 0, 1, 5854576, 0, 0
66, 11460608, 1444, 1459, 5783984, 0, 1, 5841312, 0, 1408
67, 11460608, 1444, 1459, 5786592, 0, 1, 5845392, 0, 0
68, 11460608, 1444, 1459, 5782352, 0, 1, 5839648, 0, 64
69, 11460608, 1444, 1459, 5788736, 0, 1, 5845312, 0, 1408
70, 11460608, 1444, 1459, 5798608, 0, 1, 5862896, 0, 0
71, 11460608, 1444, 1459, 5789568, 0, 1, 5849040, 0, 0
72, 11460608, 1444, 1459, 5794688, 0, 1, 5849664, 0, 0
73, 11460608, 1444, 1459, 5783584, 0, 1, 5845088, 0, 0
74, 11460608, 1444, 1459, 5787184, 0, 1, 5844352, 0, 0
75, 11460608, 1444, 1459, 5785104, 0, 1, 5845488, 0, 0
76, 11460608, 1443, 1459, 5772512, 0, 1, 5829552, 0, 3984
77, 11460608, 1443, 1459, 5786416, 0, 1, 5847312, 0, 3984
78, 11460608, 1443, 1459, 5777296, 0, 1, 5836272, 0, 3984
79, 11460608, 1443, 1459, 5785984, 0, 1, 5849056, 0, 3984
80, 11460608, 1443, 1459, 5780976, 0, 1, 5839792, 0, 3984
81, 11460608, 1443, 1459, 5785728, 0, 1, 5842656, 0, 4048
82, 11460608, 1443, 1459, 5783232, 0, 1, 5841360, 0, 3984
83, 11460608, 1444, 1459, 5780528, 0, 1, 5838400, 0, 0
84, 11460608, 1444, 1459, 5799024, 0, 1, 5859968, 0, 0
85, 11460608, 1444, 1459, 5779312, 0, 1, 5835568, 0, 0
86, 11460608, 1444, 1459, 5785056, 0, 1, 5843424, 0, 0
87, 11460608, 1443, 1459, 5790864, 0, 1, 5847696, 0, 3968
88, 11460608, 1444, 1459, 5796112, 0, 1, 5857712, 0, 0
89, 11460608, 1444, 1459, 5784912, 0, 1, 5841488, 0, 0
90, 11460608, 1444, 1459, 5796176, 0, 1, 5854624, 0, 0
91, 11460608, 1444, 1459, 5792400, 0, 1, 5853056, 0, 64
92, 11460608, 1444, 1459, 5785792, 0, 1, 5846080, 0, 0
93, 11460608, 1444, 1459, 5789280, 0, 1, 5845888, 0, 0
94, 11460608, 1444, 1459, 5782432, 0, 1, 5842272, 0, 0
95, 11460608, 1444, 1459, 5790000, 0, 1, 5846480, 0, 0
96, 11460608, 1444, 1459, 5799872, 0, 1, 5860160, 0, 64
97, 11460608, 1444, 1459, 5790816, 0, 1, 5845728, 0, 0
98, 11460608, 1443, 1459, 5783488, 0, 1, 5843120, 0, 3984
99, 11460608, 1443, 1459, 5777280, 0, 1, 5838208, 0, 3984
100, 11460608, 1443, 1459, 5786320, 0, 1, 5846272, 0, 3984
101, 11460608, 1443, 1459, 5791056, 0, 1, 5850288, 0, 3984
102, 11460608, 1443, 1459, 5772400, 0, 1, 5829024, 0, 3984
103, 11460608, 1443, 1459, 5790192, 0, 1, 5850688, 0, 5744
104, 11460608, 1443, 1459, 5787872, 0, 1, 5847008, 0, 3984
105, 11460608, 1443, 1459, 5780784, 0, 1, 5840688, 0, 3984
106, 11460608, 1443, 1459, 5780128, 0, 1, 5838192, 0, 4048
107, 11460608, 1443, 1459, 5783040, 0, 1, 5841856, 0, 3984
108, 11460608, 1444, 1459, 5772352, 0, 1, 5839856, 0, 0
109, 11460608, 1443, 1459, 5774112, 0, 1, 5830784, 0, 3968
110, 11460608, 1443, 1459, 5778912, 0, 1, 5838768, 0, 3984
111, 11460608, 1444, 1459, 5786336, 0, 1, 5845056, 0, 0
112, 11460608, 1444, 1459, 5787088, 0, 1, 5846224, 0, 0
113, 11460608, 1443, 1459, 5782880, 0, 1, 5839904, 0, 3984
114, 11460608, 1443, 1459, 5793536, 0, 1, 5849552, 0, 3984
115, 11460608, 1444, 1459, 5784128, 0, 1, 5840336, 0, 0
116, 11460608, 1443, 1459, 5776896, 0, 1, 5840144, 0, 4048
117, 11460608, 1443, 1459, 5790272, 0, 1, 5846352, 0, 3984
118, 11460608, 1444, 1459, 5785136, 0, 1, 5840752, 0, 0
119, 11460608, 1444, 1459, 5777760, 0, 1, 5835696, 0, 0
120, 11460608, 1444, 1459, 5786624, 0, 1, 5845248, 0, 0
121, 11460608, 1444, 1459, 5783824, 0, 1, 5842736, 0, 0
122, 11460608, 1444, 1459, 5786832, 0, 1, 5845408, 0, 0
123, 11460608, 1444, 1459, 5785136, 0, 1, 5844528, 0, 0
124, 11460608, 1444, 1459, 5786976, 0, 1, 5845968, 0, 0
125, 11460608, 1444, 1459, 5796944, 0, 1, 5858800, 0, 1408
126, 11460608, 1444, 1459, 5785760, 0, 1, 5840160, 0, 0
127, 11460608, 1444, 1459, 5782928, 0, 1, 5841280, 0, 0
128, 11460608, 1443, 1459, 5777824, 0, 1, 5840576, 0, 3984
129, 11460608, 1444, 1459, 5784080, 0, 1, 5843696, 0, 1024
130, 11460608, 1443, 1459, 5775840, 0, 1, 5831248, 0, 3984
1, 1847296, 9, 38, 7360, 0, 1, 3376, 0, 0
2, 5967872, 54, 83, 1335808, 0, 1, 159616, 0, 23264
3, 9560064, 232, 259, 2993008, 0, 1, 2995712, 0, 1180512
4, 14843904, 799, 836, 7342640, 0, 1, 7343584, 1, 13312
5, 14843904, 1395, 1438, 4775088, 0, 1, 4783664, 0, 5872
6, 22908928, 368, 429, 5497024, 0, 1, 1280272, 1, 55696
7, 33710080, 1569, 1612, 17756624, 0, 2, 17769200, 1, 4239648
8, 33710080, 1045, 1105, 10551904, 0, 2, 4170752, 1, 45168
9, 49451008, 4817, 4867, 21193360, 0, 3, 21224464, 1, 6397136
10, 66228224, 3901, 3954, 38346608, 0, 4, 29130272, 2, 62272
11, 66228224, 5206, 5254, 24404752, 0, 3, 24354368, 1, 9263456
12, 66228224, 2, 114, 9519104, 0, 2, 0, 2, 156560
13, 83005440, 1446, 1505, 20903056, 0, 4, 10193680, 2, 9663840
14, 83005440, 10659, 10709, 45381872, 0, 4, 45507248, 2, 5427840
15, 83005440, 3804, 3853, 26271776, 0, 3, 15153200, 2, 20912
16, 116559872, 10786, 10862, 70502160, 0, 5, 70621424, 2, 11198464
17, 116559872, 10332, 10414, 41518704, 0, 4, 41597808, 2, 68560
18, 116559872, 10394, 10474, 41162912, 0, 4, 41240880, 2, 67136
19, 116559872, 9587, 9662, 35755232, 0, 5, 35862928, 2, 42864
20, 116559872, 9350, 9427, 34568480, 0, 4, 34705184, 2, 40480
21, 116559872, 9450, 9530, 34317264, 0, 5, 34411200, 2, 53680
22, 116559872, 11240, 11323, 48418608, 0, 5, 48506640, 2, 56672
23, 116559872, 10147, 10228, 39122624, 0, 5, 39184496, 3, 65264
24, 116559872, 9844, 9922, 39287952, 0, 4, 39391808, 2, 76576
25, 116559872, 9733, 9817, 35591744, 0, 4, 35671728, 2, 54448
26, 116559872, 9766, 9850, 36017696, 0, 4, 36112352, 2, 36672
27, 116559872, 9649, 9735, 36169424, 0, 4, 36260560, 2, 53408
28, 116559872, 9854, 9938, 38481696, 0, 4, 38636976, 2, 46128
29, 116559872, 9815, 9901, 37354560, 0, 4, 37456704, 2, 57168
30, 116559872, 9826, 9907, 37747216, 0, 4, 37871424, 2, 35920
31, 116559872, 10232, 10313, 41162240, 0, 5, 41259232, 2, 63008
32, 116559872, 9900, 9985, 36881600, 0, 5, 36981920, 2, 60560
33, 116559872, 10099, 10184, 40997712, 0, 4, 41092816, 2, 63792
34, 116559872, 9829, 9916, 37855648, 0, 4, 37970000, 2, 41296
35, 116559872, 9780, 9863, 37409984, 0, 6, 37501056, 3, 55504
36, 116559872, 10352, 10439, 66042992, 0, 5, 66150944, 2, 73568
37, 116559872, 9799, 9884, 37711280, 0, 5, 37808768, 3, 66032
38, 116559872, 9455, 9540, 34932960, 0, 5, 35012000, 2, 63952
39, 116559872, 9899, 9984, 38432352, 0, 5, 38518368, 2, 51088
40, 116559872, 11594, 11681, 54986608, 0, 5, 55073120, 2, 57344
41, 116559872, 9641, 9724, 36827456, 0, 5, 36943600, 2, 83040
42, 116559872, 9797, 9882, 37890656, 0, 5, 38005616, 2, 58272
43, 116559872, 9261, 9351, 34221168, 0, 5, 34297424, 2, 64928
44, 116559872, 9043, 9126, 35423120, 0, 4, 35637664, 2, 64336
45, 116559872, 9987, 10071, 41639248, 0, 5, 41792624, 2, 56688
46, 116559872, 9477, 9560, 40459808, 0, 5, 40668032, 3, 54912
47, 116559872, 10116, 10200, 40589744, 0, 6, 40713120, 2, 57504
48, 116559872, 10097, 10181, 40905952, 0, 5, 41022976, 2, 53200
49, 116559872, 10928, 11018, 42674400, 0, 5, 42728512, 2, 72192
50, 116559872, 9705, 9788, 36199408, 0, 5, 36254224, 2, 74864
51, 116559872, 10063, 10147, 39401504, 0, 5, 39474688, 2, 59920
52, 116559872, 9792, 9871, 38023520, 0, 5, 38125696, 2, 70864
53, 116559872, 9898, 9985, 38307328, 0, 6, 38429792, 2, 58928
54, 116559872, 10307, 10390, 41099280, 0, 5, 41161536, 2, 87504
55, 116559872, 9408, 9491, 35814624, 0, 5, 35946480, 2, 50400
56, 116559872, 9258, 9341, 34840032, 0, 5, 34983552, 2, 46560
57, 116559872, 9476, 9561, 36078080, 0, 5, 36181504, 2, 72048
58, 116559872, 9568, 9653, 36901632, 0, 5, 37021280, 2, 43312
59, 116559872, 9485, 9576, 36088112, 0, 5, 36206640, 2, 75344
60, 116559872, 9791, 9873, 38385744, 0, 5, 38501984, 2, 51376
1, 557056, 6, 27, 2528, 0, 0, 1520, 0, 0
2, 1474560, 9, 35, 241408, 0, 0, 13440, 0, 35072
3, 3559424, 42, 69, 1726528, 0, 0, 1699440, 0, 252896
4, 5378048, 293, 313, 2996448, 0, 1, 1924496, 0, 450560
5, 7897088, 111, 130, 2388992, 0, 0, 1631728, 0, 673232
6, 7897088, 683, 700, 4148096, 0, 1, 4171904, 0, 765952
7, 7897088, 680, 696, 2695824, 0, 1, 2724400, 0, 3936
8, 7897088, 681, 696, 2687632, 0, 1, 2720560, 0, 0
9, 7897088, 672, 687, 5101824, 0, 1, 5126944, 0, 0
10, 7897088, 665, 680, 2626976, 0, 1, 2656864, 0, 0
11, 7897088, 664, 680, 2631184, 0, 1, 2658592, 0, 3760
12, 7897088, 664, 680, 2631808, 0, 1, 2659936, 0, 3936
13, 7897088, 664, 680, 2612144, 0, 0, 2639536, 0, 3936
14, 7897088, 664, 680, 2631072, 0, 1, 2660480, 0, 3936
15, 7897088, 665, 680, 2621760, 0, 1, 2646720, 0, 0
16, 7897088, 665, 680, 2613744, 0, 1, 2649104, 0, 0
17, 7897088, 665, 680, 2619824, 0, 1, 2653984, 0, 0
18, 7897088, 665, 680, 2631664, 0, 1, 2660368, 0, 0
19, 7897088, 665, 680, 2630080, 0, 1, 2657696, 0, 0
20, 7897088, 665, 680, 2622688, 0, 1, 2651440, 0, 0
21, 7897088, 665, 680, 2629312, 0, 1, 2659824, 0, 64
22, 7897088, 665, 680, 2622800, 0, 1, 2653648, 0, 0
23, 7897088, 665, 680, 2623296, 0, 1, 2654080, 0, 0
24, 7897088, 665, 680, 2621392, 0, 1, 2650640, 0, 0
25, 7897088, 664, 680, 2621872, 0, 1, 2654480, 0, 3936
26, 7897088, 665, 680, 2626288, 0, 1, 2660240, 0, 0
27, 7897088, 665, 680, 2637744, 0, 1, 2667904, 0, 0
28, 7897088, 665, 680, 2616784, 0, 1, 2640912, 0, 0
29, 7897088, 631, 648, 2528832, 0, 1, 2510864, 0, 0
30, 11460608, 1444, 1462, 8297632, 0, 1, 8353824, 0, 53312
31, 11460608, 1444, 1459, 5786304, 0, 1, 5847584, 0, 0
32, 11460608, 1444, 1459, 5777664, 0, 1, 5838064, 0, 0
33, 11460608, 1444, 1459, 5797632, 0, 1, 5855936, 0, 0
34, 11460608, 1444, 1459, 5792768, 0, 1, 5852992, 0, 0
35, 11460608, 1444, 1459, 5765104, 0, 1, 5824912, 0, 0
36, 11460608, 1443, 1459, 5775712, 0, 1, 5834496, 0, 3984
37, 11460608, 1444, 1459, 5774672, 0, 1, 5837776, 1, 0
38, 11460608, 1444, 1459, 5795088, 0, 1, 5855920, 0, 0
39, 11460608, 1443, 1459, 5790592, 0, 1, 5852368, 0, 3984
40, 11460608, 1443, 1459, 5779024, 0, 1, 5839408, 0, 3984
41, 11460608, 1443, 1459, 5778304, 0, 0, 5835952, 0, 3984
42, 11460608, 1444, 1459, 5781392, 0, 1, 5843248, 0, 0
43, 11460608, 1444, 1459, 5783904, 0, 1, 5842288, 0, 0
44, 11460608, 1444, 1459, 5787760, 0, 1, 5850176, 0, 0
45, 11460608, 1444, 1459, 5780432, 0, 1, 5838832, 0, 0
46, 11460608, 1444, 1459, 5787184, 0, 1, 5846288, 0, 0
47, 11460608, 1444, 1459, 5787440, 0, 1, 5845936, 0, 0
48, 11460608, 1444, 1459, 5797456, 0, 1, 5859072, 0, 0
49, 11460608, 1444, 1459, 5789952, 0, 1, 5847264, 0, 0
50, 11460608, 1444, 1459, 5791008, 0, 1, 5851216, 0, 0
51, 11460608, 1444, 1459, 5785488, 0, 1, 5842608, 0, 0
52, 11460608, 1444, 1459, 5788192, 0, 1, 5846784, 0, 64
53, 11460608, 1444, 1459, 5796976, 0, 1, 5862000, 0, 0
54, 11460608, 1443, 1459, 5788768, 0, 1, 5849936, 0, 3968
55, 11460608, 1444, 1459, 5788160, 0, 1, 5844992, 0, 0
56, 11460608, 1444, 1459, 5778560, 0, 0, 5837872, 0, 0
57, 11460608, 1444, 1459, 5777392, 0, 0, 5837216, 0, 0
58, 11460608, 1444, 1459, 5794128, 0, 1, 5854176, 0, 0
59, 11460608, 1443, 1459, 5781040, 0, 1, 5841616, 0, 3984
60, 11460608, 1443, 1459, 5776896, 0, 1, 5838720, 0, 3984
61, 11460608, 1444, 1459, 5796848, 0, 1, 5856320, 0, 0
62, 11460608, 1444, 1459, 5794128, 0, 1, 5851392, 0, 0
63, 11460608, 1444, 1459, 5790352, 0, 1, 5848784, 0, 0
64, 11460608, 1444, 1459, 5783152, 0, 1, 5847584, 0, 64
65, 11460608, 1444, 1459, 5793376, 0, 1, 5853792, 0, 0
66, 11460608, 1444, 1459, 5785536, 0, 1, 5846080, 0, 0
67, 11460608, 1444, 1459, 5785136, 0, 1, 5841584, 0, 0
68, 11460608, 1444, 1459, 5780880, 0, 1, 5842704, 0, 0
69, 11460608, 1444, 1459, 5786144, 0, 1, 5844400, 0, 0
70, 11460608, 1444, 1459, 5790592, 0, 1, 5855072, 0, 0
71, 11460608, 1444, 1459, 5786592, 0, 1, 5842672, 0, 0
72, 11460608, 1444, 1459, 5791168, 0, 1, 5853440, 0, 0
73, 11460608, 1444, 1459, 5787712, 0, 1, 5845632, 0, 64
74, 11460608, 1444, 1459, 5788944, 0, 1, 5846768, 0, 0
75, 11460608, 1444, 1459, 5793360, 0, 1, 5854512, 0, 0
76, 11460608, 1442, 1459, 5777728, 0, 1, 5835968, 0, 7952
77, 11460608, 1444, 1459, 5790608, 0, 1, 5853424, 0, 0
78, 11460608, 1444, 1459, 5775776, 0, 1, 5836080, 0, 0
79, 11460608, 1444, 1459, 5792464, 0, 1, 5852960, 0, 0
80, 11460608, 1444, 1459, 5789504, 0, 1, 5848880, 0, 64
81, 11460608, 1444, 1459, 5793936, 0, 1, 5851040, 0, 0
82, 11460608, 1444, 1459, 5789296, 0, 1, 5849200, 0, 0
83, 11460608, 1444, 1459, 5779152, 0, 1, 5835408, 0, 0
84, 11460608, 1444, 1459, 5793744, 0, 1, 5853584, 0, 0
85, 11460608, 1444, 1459, 5778128, 0, 1, 5837888, 0, 0
86, 11460608, 1444, 1459, 5788528, 0, 1, 5845520, 0, 0
87, 11460608, 1443, 1459, 5789744, 0, 1, 5848928, 0, 3968
88, 11460608, 1444, 1459, 5797424, 0, 1, 5859024, 0, 0
89, 11460608, 1444, 1459, 5789008, 0, 1, 5843504, 0, 0
90, 11460608, 1444, 1459, 5791552, 0, 1, 5849792, 0, 0
91, 11460608, 1444, 1459, 5782256, 0, 1, 5841488, 0, 0
92, 11460608, 1444, 1459, 5784080, 0, 1, 5845584, 0, 0
93, 11460608, 1444, 1459, 5782560, 0, 1, 5841264, 0, 0
94, 11460608, 1444, 1459, 5785984, 0, 1, 5846800, 0, 0
95, 11460608, 1444, 1459, 5795808, 0, 1, 5853184, 0, 0
96, 11460608, 1444, 1459, 5791680, 0, 1, 5855232, 0, 1024
97, 11460608, 1444, 1459, 5776720, 0, 1, 5835056, 0, 0
98, 11460608, 1444, 1459, 5791072, 0, 1, 5851600, 0, 0
99, 11460608, 1444, 1459, 5784048, 0, 1, 5842080, 0, 0
100, 11460608, 1444, 1459, 5782352, 0, 1, 5842864, 0, 0
101, 11460608, 1444, 1459, 5793360, 0, 1, 5853440, 0, 0
102, 11460608, 1444, 1459, 5783776, 0, 1, 5842048, 0, 0
103, 11460608, 1444, 1459, 5790544, 0, 1, 5849856, 0, 640
104, 11460608, 1444, 1459, 5777312, 0, 1, 5839328, 0, 0
105, 11460608, 1444, 1459, 5783168, 0, 1, 5842736, 0, 64
106, 11460608, 1444, 1459, 5786320, 0, 1, 5843616, 0, 0
107, 11460608, 1444, 1459, 5781696, 0, 1, 5841968, 0, 0
108, 11460608, 1444, 1459, 5771280, 0, 1, 5838848, 0, 0
109, 11460608, 1443, 1459, 5786816, 0, 1, 5844272, 0, 3968
110, 11460608, 1444, 1459, 5783984, 0, 1, 5841968, 0, 0
111, 11460608, 1444, 1459, 5789472, 0, 1, 5845776, 0, 0
112, 11460608, 1444, 1459, 5780784, 0, 1, 5843680, 0, 0
113, 11460608, 1444, 1459, 5792384, 0, 1, 5847760, 0, 0
114, 11460608, 1444, 1459, 5791792, 0, 1, 5850288, 0, 0
115, 11460608, 1444, 1459, 5779312, 0, 1, 5835024, 1, 64
116, 11460608, 1444, 1459, 5782928, 0, 1, 5841440, 0, 0
117, 11460608, 1444, 1459, 5792368, 0, 1, 5850528, 0, 64
118, 11460608, 1444, 1459, 5782848, 0, 1, 5841888, 0, 0
119, 11460608, 1443, 1459, 5789712, 0, 1, 5849568, 0, 3984
120, 11460608, 1443, 1459, 5788592, 0, 1, 5848944, 0, 3984
121, 11460608, 1443, 1459, 5785856, 0, 1, 5842048, 0, 4048
122, 11460608, 1443, 1459, 5785216, 0, 1, 5843920, 0, 3984
123, 11460608, 1443, 1459, 5774784, 0, 1, 5832656, 0, 3984
124, 11460608, 1443, 1459, 5783200, 0, 1, 5843072, 0, 3984
125, 11460608, 1443, 1459, 5783408, 0, 1, 5845664, 0, 3984
126, 11460608, 1443, 1459, 5781104, 0, 1, 5834912, 0, 3984
127, 11460608, 1444, 1459, 5779888, 0, 1, 5840688, 0, 0
128, 11460608, 1444, 1459, 5791248, 0, 1, 5852576, 0, 0
129, 11460608, 1444, 1459, 5786592, 0, 1, 5847104, 0, 0
130, 11460608, 1443, 1459, 5774352, 0, 1, 5833712, 0, 3984
1, 1847296, 9, 38, 7360, 0, 1, 3376, 0, 0
2, 5967872, 54, 83, 1335808, 0, 0, 159616, 0, 23264
3, 9560064, 232, 259, 2993008, 0, 1, 2995712, 0, 29536
4, 14843904, 521, 556, 6551456, 0, 1, 6550624, 1, 13312
5, 19800064, 1855, 1899, 6186800, 0, 1, 6199744, 1, 5872
6, 29515776, 195, 263, 10171264, 0, 1, 7048048, 1, 67840
7, 42520576, 2585, 2632, 19847552, 0, 2, 16643184, 1, 3147456
8, 59297792, 4819, 4867, 24359568, 0, 3, 24391440, 1, 3235024
9, 76075008, 3901, 3951, 38346608, 0, 3, 29129872, 2, 50144
10, 76075008, 5208, 5256, 29164304, 0, 3, 24355216, 2, 9259920
11, 76075008, 1445, 1504, 15021200, 0, 2, 14953312, 1, 4904848
12, 76075008, 8690, 8743, 48310144, 0, 3, 48386160, 1, 119488
13, 76075008, 5769, 5815, 33984928, 0, 4, 22907088, 2, 7680
14, 109629440, 9311, 9392, 63973184, 0, 5, 64089664, 2, 5667712
15, 109629440, 9173, 9255, 37586880, 0, 4, 37633552, 2, 61040
16, 109629440, 8969, 9051, 34746336, 0, 4, 34800976, 2, 77728
17, 109629440, 8756, 8842, 34754944, 0, 4, 34820992, 2, 57280
18, 109629440, 8299, 8380, 30939712, 0, 4, 31050496, 2, 40320
19, 109629440, 8030, 8116, 29199776, 0, 4, 29315328, 2, 51712
20, 109629440, 8202, 8284, 29493792, 0, 4, 29563760, 2, 47584
21, 109629440, 10012, 10101, 43882640, 0, 4, 43931664, 2, 77376
22, 109629440, 8770, 8859, 33519648, 0, 4, 33570000, 2, 59120
23, 109629440, 8756, 8841, 35245600, 0, 4, 35330464, 2, 52640
24, 109629440, 8391, 8476, 32016336, 0, 4, 32122784, 2, 34112
25, 109629440, 8267, 8363, 28821872, 0, 4, 28867152, 2, 76848
26, 109629440, 8730, 8817, 33597232, 0, 4, 33677216, 2, 50352
27, 109629440, 8423, 8512, 32005920, 0, 4, 32090224, 2, 54992
28, 109629440, 8568, 8658, 32989648, 0, 4, 33100048, 2, 55696
29, 109629440, 8537, 8621, 32525728, 0, 4, 32612496, 2, 39072
30, 109629440, 8452, 8546, 32525424, 0, 4, 32626720, 2, 63616
31, 109629440, 8887, 8972, 35309088, 0, 4, 35405328, 2, 34272
32, 109629440, 8761, 8856, 33889984, 0, 4, 33949248, 2, 77616
33, 109629440, 8675, 8765, 33526496, 0, 4, 33606096, 2, 55696
34, 109629440, 8795, 8887, 35404448, 0, 4, 35487616, 2, 55776
35, 109629440, 8416, 8510, 31619840, 0, 4, 31677408, 2, 75680
36, 109629440, 8535, 8624, 32966912, 0, 4, 33033520, 2, 65376
37, 109629440, 5034, 5131, 37172256, 0, 5, 21614144, 3, 74384
38, 109629440, 8793, 8883, 42120816, 0, 5, 42187712, 2, 15634496
39, 109629440, 8297, 8385, 31278928, 0, 5, 31352368, 2, 59024
40, 109629440, 8339, 8429, 31276016, 0, 5, 31337872, 2, 67584
41, 109629440, 8562, 8654, 33427920, 0, 4, 33471168, 2, 59552
42, 109629440, 10233, 10327, 49977904, 0, 5, 50032640, 2, 67488
43, 109629440, 8757, 8845, 33683536, 0, 4, 33756992, 2, 67040
44, 109629440, 8515, 8606, 32818704, 0, 4, 32920320, 2, 44384
45, 109629440, 7984, 8075, 29511968, 0, 4, 29603952, 2, 53792
46, 109629440, 8291, 8381, 31044432, 0, 4, 31104800, 2, 60464
47, 109629440, 7522, 7610, 29593360, 0, 4, 29838128, 2, 54720
48, 109629440, 8867, 8955, 37459600, 0, 4, 37581760, 2, 55072
49, 109629440, 8312, 8398, 35756176, 0, 4, 35943040, 2, 40384
50, 109629440, 8848, 8933, 36328224, 0, 4, 36453296, 2, 47792
51, 109629440, 8727, 8820, 35154800, 0, 5, 35226640, 2, 76352
52, 109629440, 8820, 8912, 34136128, 0, 5, 34198768, 2, 62896
53, 109629440, 9278, 9373, 35621952, 0, 4, 35653264, 2, 85792
54, 109629440, 8552, 8642, 32392304, 0, 4, 32450480, 2, 69136
55, 109629440, 8731, 8826, 33868352, 0, 4, 33917328, 2, 71360
56, 109629440, 8557, 8645, 33532448, 0, 5, 33646144, 2, 60208
57, 109629440, 8711, 8803, 33854128, 0, 5, 33959136, 2, 65328
58, 109629440, 8774, 8861, 34807040, 0, 4, 34905168, 2, 44608
59, 109629440, 8585, 8674, 33123376, 0, 5, 33162048, 2, 89200
60, 109629440, 8039, 8126, 30508192, 0, 4, 30644720, 2, 33312
61, 109629440, 8004, 8093, 29868736, 0, 4, 29988352, 2, 48672
62, 109629440, 8341, 8428, 32339184, 0, 4, 32444000, 2, 53584
63, 109629440, 8314, 8402, 31708480, 0, 4, 31804608, 2, 64944
64, 109629440, 8231, 8319, 31133808, 0, 4, 31237968, 2, 49200
65, 109629440, 8609, 8700, 33863200, 0, 5, 33956768, 2, 54304
66, 109629440, 8115, 8200, 30937888, 0, 5, 31053184, 2, 47792
1, 557056, 6, 27, 2528, 0, 0, 1520, 0, 0
2, 1474560, 9, 35, 241408, 0, 0, 13440, 0, 35072
3, 3559424, 42, 69, 1726528, 0, 0, 1699440, 0, 252896
4, 5378048, 293, 313, 2996448, 0, 1, 1924496, 0, 450560
5, 7897088, 112, 131, 3118080, 0, 0, 1635824, 0, 671184
6, 7897088, 562, 580, 2936320, 0, 1, 2955680, 0, 1495040
7, 7897088, 519, 534, 2042208, 0, 1, 2061616, 0, 0
8, 7897088, 522, 539, 2042752, 0, 0, 2066816, 0, 7792
9, 7897088, 504, 521, 2052624, 0, 0, 2000528, 0, 3696
10, 7897088, 490, 509, 4279104, 0, 1, 2717840, 0, 1658480
11, 7897088, 545, 561, 2143760, 0, 0, 2166496, 0, 3696
12, 7897088, 547, 563, 2151312, 0, 0, 2178160, 0, 3696
13, 7897088, 544, 560, 2142000, 0, 0, 2162016, 0, 3696
14, 7897088, 548, 564, 2146288, 0, 0, 2170736, 0, 3936
15, 7897088, 551, 567, 2162976, 0, 0, 2190304, 0, 3936
16, 7897088, 549, 565, 2158208, 0, 0, 2185296, 0, 3936
17, 7897088, 545, 561, 2142960, 0, 0, 2166848, 0, 3936
18, 7897088, 548, 564, 2155984, 0, 0, 2182880, 0, 3936
19, 7897088, 548, 564, 2147216, 0, 0, 2177136, 0, 3936
20, 7897088, 549, 565, 2164480, 0, 1, 2193104, 0, 3936
21, 7897088, 543, 559, 2139104, 0, 0, 2162944, 0, 3936
22, 7897088, 545, 561, 2134640, 0, 0, 2161632, 0, 4000
23, 7897088, 548, 564, 2155664, 0, 0, 2179328, 0, 3936
24, 7897088, 548, 565, 2146880, 0, 0, 2172896, 0, 7632
25, 7897088, 548, 564, 2157888, 0, 0, 2180064, 0, 3936
26, 7897088, 547, 564, 2156032, 0, 0, 2181872, 0, 7936
27, 7897088, 545, 562, 2142528, 0, 1, 2167840, 0, 7936
28, 7897088, 548, 565, 2143520, 0, 0, 2172816, 0, 7936
29, 7897088, 549, 567, 2163952, 0, 1, 2190000, 0, 11632
30, 7897088, 546, 564, 2139968, 0, 0, 2162288, 0, 13040
31, 7897088, 550, 568, 2167056, 0, 1, 2194640, 0, 11632
32, 7897088, 546, 564, 2145248, 0, 0, 2175856, 0, 11632
33, 7897088, 544, 561, 2146320, 0, 0, 2169232, 0, 7936
34, 7897088, 547, 564, 2145152, 0, 0, 2170288, 0, 7936
35, 7897088, 343, 363, 2192976, 0, 0, 1325392, 0, 11632
36, 7897088, 488, 507, 3570272, 0, 1, 3598160, 0, 892672
37, 7897088, 598, 615, 2348624, 0, 1, 2374608, 0, 7936
38, 7897088, 600, 617, 2374256, 0, 0, 2400080, 0, 7936
39, 7897088, 595, 612, 2342048, 0, 1, 2367008, 0, 7936
40, 7897088, 600, 617, 2359360, 0, 0, 2386864, 0, 7936
41, 7897088, 599, 616, 2350576, 0, 1, 2380288, 0, 7936
42, 7897088, 603, 621, 2372352, 0, 0, 2397648, 0, 11632
43, 7897088, 602, 618, 2368032, 0, 1, 2398128, 0, 3936
44, 7897088, 598, 614, 2350272, 0, 0, 2382640, 0, 3936
45, 7897088, 600, 617, 2359664, 0, 1, 2387232, 0, 7632
46, 7897088, 598, 615, 2352624, 0, 1, 2377568, 0, 7632
47, 7897088, 600, 616, 2361712, 0, 1, 2386000, 0, 3936
48, 7897088, 601, 617, 2371136, 0, 1, 2399856, 0, 3936
49, 7897088, 596, 613, 2344624, 0, 1, 2371360, 0, 7632
50, 7897088, 601, 617, 2365904, 0, 1, 2393824, 0, 3936
51, 7897088, 598, 614, 2354256, 0, 1, 2378768, 0, 4576
52, 7897088, 601, 617, 2361616, 0, 1, 2391520, 0, 3936
53, 7897088, 601, 618, 2369072, 0, 1, 2400096, 0, 7632
54, 7897088, 597, 613, 2349376, 0, 0, 2376208, 0, 4000
55, 7897088, 600, 616, 2363280, 0, 0, 2394016, 0, 3936
56, 7897088, 598, 615, 2365376, 0, 0, 2390496, 0, 7632
57, 7897088, 593, 609, 2337984, 0, 0, 2362464, 0, 3936
58, 7897088, 598, 614, 2354496, 0, 1, 2380672, 0, 3936
59, 7897088, 598, 613, 2349072, 0, 0, 2377344, 0, 64
60, 7897088, 604, 619, 2371680, 0, 0, 2399088, 0, 0
61, 7897088, 597, 613, 2357616, 0, 1, 2385392, 0, 3696
62, 7897088, 598, 614, 2355552, 0, 0, 2384352, 0, 3936
63, 7897088, 598, 614, 2349472, 0, 0, 2376672, 0, 3936
64, 7897088, 604, 621, 2374320, 0, 1, 2406816, 0, 7632
65, 7897088, 599, 616, 2356464, 0, 1, 2387792, 0, 7632
66, 7897088, 597, 614, 2353168, 0, 0, 2380800, 0, 7632
67, 7897088, 598, 613, 2356544, 0, 1, 2381920, 0, 0
68, 7897088, 598, 613, 2360448, 0, 1, 2382400, 0, 0
69, 7897088, 600, 616, 2353856, 0, 1, 2384320, 0, 3936
70, 7897088, 601, 618, 2364288, 0, 1, 2392624, 0, 7936
71, 7897088, 601, 617, 2359104, 0, 1, 2384144, 0, 4000
72, 7897088, 601, 617, 2367984, 0, 1, 2399600, 0, 4000
73, 7897088, 598, 614, 2353552, 0, 1, 2384192, 0, 4000
74, 7897088, 599, 615, 2357056, 0, 1, 2386208, 0, 4000
75, 7897088, 599, 615, 2367264, 0, 0, 2394864, 0, 4000
76, 7897088, 598, 614, 2353776, 0, 0, 2384400, 0, 4000
77, 7897088, 598, 614, 2351040, 0, 1, 2377360, 0, 4000
78, 7897088, 598, 614, 2362896, 0, 0, 2385264, 0, 4000
79, 7897088, 599, 617, 2355632, 0, 1, 2381696, 0, 11632
80, 7897088, 599, 616, 2370128, 0, 1, 2396656, 0, 7936
81, 7897088, 597, 614, 2348208, 0, 1, 2376432, 0, 7936
82, 7897088, 597, 613, 2348704, 0, 0, 2375584, 0, 4000
83, 7897088, 600, 616, 2358640, 0, 1, 2384864, 0, 4000
84, 7897088, 601, 617, 2360704, 0, 0, 2386592, 0, 4000
85, 7897088, 603, 619, 2366256, 0, 0, 2395760, 0, 4000
86, 7897088, 602, 619, 2380432, 0, 1, 2411168, 0, 7696
87, 7897088, 594, 611, 2338176, 0, 0, 2365552, 0, 7696
88, 7897088, 599, 616, 2365184, 0, 0, 2394336, 0, 7696
89, 7897088, 593, 609, 2332528, 0, 0, 2354304, 0, 4000
90, 7897088, 599, 615, 2359280, 0, 1, 2385248, 0, 4000
91, 7897088, 600, 617, 2366464, 0, 0, 2390272, 0, 7936
92, 7897088, 600, 617, 2364928, 0, 0, 2392224, 0, 7936
93, 7897088, 601, 617, 2353264, 0, 0, 2386624, 0, 4064
94, 7897088, 601, 617, 2362448, 0, 1, 2389264, 0, 4000
95, 7897088, 601, 617, 2367696, 0, 1, 2393840, 0, 4000
96, 7897088, 598, 614, 2348560, 0, 1, 2376512, 0, 4000
97, 7897088, 601, 618, 2365760, 0, 1, 2394560, 0, 7696
98, 7897088, 599, 616, 2348832, 0, 0, 2382144, 0, 7936
99, 7897088, 600, 618, 2362656, 0, 1, 2390944, 0, 11632
100, 7897088, 599, 615, 2365744, 0, 1, 2393152, 0, 4000
101, 7897088, 597, 613, 2350640, 0, 1, 2377248, 0, 4000
102, 7897088, 598, 614, 2353760, 0, 0, 2382384, 0, 4000
103, 7897088, 598, 614, 2359072, 0, 1, 2385408, 0, 4000
104, 7897088, 598, 614, 2350768, 0, 1, 2375408, 0, 4000
105, 7897088, 599, 615, 2351136, 0, 1, 2379056, 0, 4000
106, 7897088, 602, 620, 2375408, 0, 1, 2401680, 0, 11632
107, 7897088, 598, 615, 2349648, 0, 1, 2379648, 0, 7936
108, 7897088, 599, 616, 2362608, 0, 1, 2389760, 0, 7936
109, 7897088, 598, 615, 2347440, 0, 1, 2378192, 0, 7936
110, 7897088, 601, 618, 2366080, 0, 1, 2395008, 0, 7936
111, 7897088, 599, 616, 2356800, 0, 0, 2386352, 0, 7936
112, 7897088, 599, 615, 2352464, 0, 0, 2377712, 0, 4064
113, 7897088, 600, 616, 2369776, 0, 1, 2396480, 0, 4000
114, 7897088, 597, 613, 2356080, 0, 1, 2382640, 0, 4000
115, 7897088, 599, 615, 2350720, 0, 1, 2372560, 0, 4000
116, 7897088, 600, 616, 2372560, 0, 0, 2399376, 0, 4000
117, 7897088, 596, 612, 2355200, 0, 1, 2383312, 0, 4000
118, 7897088, 594, 610, 2343616, 0, 0, 2368896, 0, 4000
119, 7897088, 598, 614, 2364960, 0, 1, 2393648, 0, 4000
120, 7897088, 595, 611, 2341920, 0, 1, 2371872, 0, 4000
121, 7897088, 599, 615, 2369408, 0, 1, 2402976, 0, 4000
122, 7897088, 592, 608, 2334400, 0, 0, 2362768, 0, 4000
123, 7897088, 596, 612, 2359152, 0, 1, 2389744, 0, 4000
124, 7897088, 594, 611, 2336288, 0, 1, 2362016, 0, 9344
125, 7897088, 600, 617, 2358544, 0, 1, 2386112, 0, 7936
126, 7897088, 601, 617, 2359696, 0, 1, 2383248, 0, 3936
127, 7897088, 600, 617, 2364720, 0, 0, 2389744, 0, 9040
128, 7897088, 601, 617, 2363792, 0, 1, 2395104, 0, 3936
129, 7897088, 598, 613, 2345952, 0, 0, 2374112, 0, 0
130, 7897088, 602, 618, 2359600, 0, 0, 2387616, 0, 3968
131, 7897088, 602, 618, 2373680, 0, 0, 2401520, 0, 3968
132, 7897088, 597, 613, 2349664, 0, 1, 2375520, 0, 3968
133, 7897088, 601, 617, 2364816, 0, 1, 2395440, 0, 3968
134, 7897088, 600, 617, 2372944, 0, 1, 2402272, 0, 9312
135, 7897088, 593, 609, 2340160, 0, 0, 2366352, 0, 3968
136, 7897088, 598, 614, 2343584, 0, 1, 2369952, 0, 3968
137, 7897088, 602, 618, 2371632, 0, 0, 2396768, 0, 3968
138, 7897088, 598, 614, 2353936, 0, 1, 2381920, 0, 3968
139, 7897088, 599, 616, 2365584, 0, 1, 2390400, 0, 7904
140, 7897088, 600, 616, 2361280, 0, 1, 2389088, 0, 3968
141, 7897088, 597, 613, 2359920, 0, 1, 2391248, 0, 3968
142, 7897088, 594, 610, 2347504, 0, 0, 2379856, 0, 3968
143, 7897088, 596, 612, 2347568, 0, 1, 2376096, 0, 3968
144, 7897088, 596, 612, 2339904, 0, 1, 2366752, 0, 3968
145, 7897088, 601, 617, 2369072, 0, 0, 2396080, 0, 3968
146, 7897088, 600, 617, 2362704, 0, 1, 2394192, 0, 7664
147, 7897088, 595, 612, 2346768, 0, 1, 2369280, 0, 7664
148, 7897088, 599, 616, 2356784, 0, 1, 2384224, 0, 7904
149, 7897088, 600, 617, 2353728, 0, 1, 2378368, 0, 7904
150, 7897088, 604, 621, 2383232, 0, 1, 2413200, 0, 7904
151, 7897088, 595, 611, 2341280, 0, 1, 2366160, 0, 4032
152, 7897088, 598, 614, 2362432, 0, 1, 2388384, 0, 3968
153, 7897088, 600, 617, 2366112, 0, 1, 2395104, 0, 7664
154, 7897088, 597, 613, 2345504, 0, 1, 2377072, 0, 3968
155, 7897088, 597, 613, 2350304, 0, 0, 2380656, 0, 3936
156, 7897088, 599, 615, 2363552, 0, 0, 2390848, 0, 3936
157, 7897088, 598, 614, 2355936, 0, 1, 2387360, 0, 4000
158, 7897088, 596, 612, 2345920, 0, 1, 2371536, 0, 3936
159, 7897088, 599, 614, 2371168, 0, 1, 2396768, 0, 0
160, 7897088, 594, 610, 2342368, 0, 0, 2371488, 0, 3696
161, 7897088, 598, 613, 2355408, 0, 1, 2382592, 0, 0
162, 7897088, 598, 614, 2349024, 0, 1, 2374688, 0, 3696
163, 7897088, 598, 614, 2361232, 0, 1, 2388800, 0, 3936
164, 7897088, 600, 615, 2368512, 0, 0, 2399696, 0, 0
165, 7897088, 594, 610, 2340576, 0, 1, 2368480, 0, 3696
166, 7897088, 599, 614, 2351712, 0, 1, 2382160, 0, 0
167, 7897088, 600, 615, 2361360, 0, 1, 2385472, 0, 0
168, 7897088, 600, 615, 2366208, 0, 0, 2397104, 0, 0
169, 7897088, 594, 609, 2343616, 0, 1, 2369904, 0, 0
170, 7897088, 597, 612, 2358256, 0, 1, 2386560, 0, 0
171, 7897088, 596, 611, 2349056, 0, 1, 2373888, 0, 0
172, 7897088, 599, 614, 2348384, 0, 0, 2377232, 0, 0
173, 7897088, 600, 615, 2355424, 0, 1, 2378288, 0, 0
174, 7897088, 603, 619, 2364032, 0, 1, 2394272, 0, 3696
175, 7897088, 603, 619, 2385360, 0, 1, 2414656, 0, 3696
176, 7897088, 596, 611, 2352272, 0, 1, 2377808, 0, 0
177, 7897088, 598, 613, 2350304, 0, 1, 2377440, 0, 0
178, 7897088, 602, 617, 2374240, 0, 1, 2408112, 0, 0
179, 7897088, 596, 612, 2355136, 0, 1, 2383360, 0, 3696
180, 7897088, 596, 611, 2342464, 0, 0, 2369008, 0, 0
181, 7897088, 603, 618, 2373840, 0, 1, 2406064, 0, 0
182, 7897088, 596, 611, 2354192, 0, 0, 2376896, 0, 0
183, 7897088, 599, 614, 2359712, 0, 1, 2390320, 0, 0
184, 7897088, 595, 610, 2343184, 0, 0, 2370496, 0, 0
185, 7897088, 600, 615, 2357008, 0, 1, 2382944, 0, 0
186, 7897088, 602, 617, 2363600, 0, 1, 2388432, 0, 0
187, 7897088, 605, 621, 2383200, 0, 1, 2413184, 0, 3696
188, 7897088, 600, 615, 2352000, 0, 1, 2387040, 0, 64
189, 7897088, 598, 614, 2367152, 0, 0, 2393104, 0, 5344
190, 7897088, 596, 612, 2343440, 0, 1, 2374336, 0, 3696
191, 7897088, 599, 615, 2367328, 0, 0, 2399760, 0, 3696
192, 7897088, 594, 610, 2346096, 0, 0, 2372848, 0, 3696
193, 7897088, 596, 612, 2346672, 0, 1, 2370608, 0, 3696
194, 7897088, 600, 616, 2366048, 0, 0, 2394080, 0, 3696
195, 7897088, 597, 613, 2351232, 0, 0, 2376032, 0, 3696
196, 7897088, 599, 615, 2373648, 0, 0, 2400880, 0, 3696
197, 7897088, 595, 610, 2341344, 0, 1, 2369312, 0, 1408
198, 7897088, 598, 613, 2356112, 0, 1, 2381040, 0, 0
199, 7897088, 598, 614, 2352176, 0, 0, 2380928, 0, 4000
200, 7897088, 600, 615, 2361440, 0, 1, 2389376, 0, 0
201, 7897088, 598, 613, 2359936, 0, 0, 2388272, 0, 0
202, 7897088, 598, 614, 2358432, 0, 1, 2386944, 0, 3936
203, 7897088, 598, 614, 2363120, 0, 1, 2391584, 0, 3936
204, 7897088, 596, 612, 2354592, 0, 1, 2377984, 0, 3936
205, 7897088, 596, 612, 2349648, 0, 1, 2379056, 0, 3936
206, 7897088, 599, 615, 2362896, 0, 1, 2390704, 0, 3936
207, 7897088, 598, 615, 2344448, 0, 0, 2372832, 0, 7632
208, 7897088, 600, 617, 2370576, 0, 1, 2398496, 0, 7632
209, 7897088, 596, 611, 2354032, 0, 0, 2381072, 0, 1024
210, 7897088, 596, 611, 2352448, 0, 0, 2380976, 0, 0
211, 7897088, 594, 610, 2338480, 0, 0, 2364464, 0, 3696
212, 7897088, 600, 616, 2359504, 0, 0, 2391744, 0, 3936
213, 7897088, 600, 615, 2363136, 0, 1, 2393808, 0, 0
214, 7897088, 595, 612, 2353600, 0, 1, 2378736, 0, 7632
215, 7897088, 597, 614, 2348688, 0, 0, 2372224, 0, 7632
216, 7897088, 600, 615, 2362208, 0, 0, 2387648, 0, 1024
217, 7897088, 600, 615, 2355232, 0, 0, 2385552, 0, 0
218, 7897088, 599, 614, 2352752, 0, 0, 2379712, 0, 0
219, 7897088, 602, 617, 2361952, 0, 0, 2388736, 0, 0
220, 7897088, 602, 617, 2365248, 0, 0, 2393712, 0, 0
221, 7897088, 602, 617, 2378480, 0, 0, 2414192, 0, 0
222, 7897088, 592, 607, 2336544, 0, 0, 2361904, 0, 64
223, 7897088, 598, 613, 2348896, 0, 0, 2374240, 0, 0
224, 7897088, 600, 617, 2366224, 0, 0, 2395712, 0, 7632
225, 7897088, 596, 612, 2354736, 0, 0, 2381472, 0, 3936
226, 7897088, 596, 611, 2346352, 0, 0, 2372688, 0, 64
227, 7897088, 598, 614, 2352400, 0, 1, 2382704, 0, 3696
228, 7897088, 599, 615, 2358976, 0, 1, 2386128, 0, 3936
229, 7897088, 599, 615, 2366592, 0, 1, 2396720, 0, 3936
230, 7897088, 595, 612, 2347456, 0, 0, 2373504, 0, 7632
231, 7897088, 599, 615, 2357072, 0, 0, 2385824, 0, 3936
232, 7897088, 600, 615, 2366816, 0, 0, 2394624, 0, 0
233, 7897088, 598, 613, 2356720, 0, 0, 2388880, 0, 0
234, 7897088, 593, 608, 2336736, 0, 0, 2359296, 0, 0
235, 7897088, 600, 616, 2365216, 0, 0, 2391472, 0, 3936
236, 7897088, 597, 614, 2353504, 0, 0, 2380544, 0, 7632
237, 7897088, 599, 614, 2357264, 0, 0, 2382464, 0, 0
238, 7897088, 600, 615, 2369040, 0, 0, 2396384, 0, 0
239, 7897088, 597, 612, 2348864, 0, 0, 2374064, 0, 0
240, 7897088, 601, 616, 2366560, 0, 0, 2397456, 0, 0
241, 7897088, 597, 612, 2359456, 0, 0, 2383600, 0, 0
242, 7897088, 596, 612, 2349696, 0, 1, 2380976, 0, 3696
243, 7897088, 597, 613, 2347824, 0, 1, 2370512, 0, 3760
244, 7897088, 600, 615, 2368992, 0, 0, 2394192, 0, 0
245, 7897088, 598, 614, 2360496, 0, 0, 2387104, 0, 4000
246, 7897088, 596, 612, 2344192, 0, 0, 2370416, 0, 3936
247, 7897088, 600, 616, 2365968, 0, 1, 2392752, 0, 4000
248, 7897088, 599, 616, 2355264, 0, 1, 2383504, 0, 7936
249, 7897088, 601, 618, 2369984, 0, 0, 2400288, 0, 7936
250, 7897088, 597, 613, 2354512, 0, 0, 2384528, 0, 4000
251, 7897088, 598, 615, 2362672, 0, 0, 2388704, 0, 7696
252, 7897088, 595, 612, 2355040, 0, 0, 2382656, 0, 7696
253, 7897088, 595, 612, 2343376, 0, 0, 2367856, 0, 7696
254, 7897088, 597, 613, 2363152, 0, 0, 2387760, 0, 3696
255, 7897088, 598, 613, 2364752, 0, 0, 2392560, 0, 0
256, 7897088, 594, 609, 2343648, 0, 0, 2367520, 0, 0
257, 7897088, 601, 616, 2363408, 0, 0, 2394160, 0, 0
258, 7897088, 598, 613, 2347664, 0, 0, 2372608, 0, 0
259, 7897088, 602, 618, 2385424, 0, 0, 2414160, 0, 3696
260, 7897088, 594, 609, 2337168, 0, 0, 2364944, 0, 0
261, 7897088, 600, 615, 2357200, 0, 0, 2387648, 0, 0
262, 7897088, 599, 615, 2367920, 0, 1, 2393632, 0, 3696
263, 7897088, 597, 612, 2355328, 0, 0, 2387552, 0, 0
264, 7897088, 595, 610, 2344016, 0, 0, 2374960, 0, 0
265, 7897088, 596, 611, 2344656, 0, 1, 2368816, 0, 0
266, 7897088, 600, 615, 2369584, 0, 0, 2393616, 0, 0
267, 7897088, 596, 612, 2358512, 0, 0, 2385680, 0, 3696
268, 7897088, 594, 610, 2342848, 0, 0, 2369152, 0, 3696
269, 7897088, 599, 614, 2356384, 0, 0, 2380336, 0, 0
270, 7897088, 598, 614, 2358496, 0, 0, 2391216, 0, 3936
271, 7897088, 596, 612, 2350512, 0, 1, 2376912, 0, 3936
272, 7897088, 599, 615, 2353136, 0, 0, 2381360, 0, 3936
273, 7897088, 600, 615, 2349184, 0, 0, 2377872, 0, 0
274, 7897088, 604, 619, 2380816, 0, 0, 2409440, 0, 0
275, 7897088, 601, 616, 2354080, 0, 0, 2387712, 0, 0
276, 7897088, 600, 615, 2360368, 0, 0, 2384688, 0, 0
277, 7897088, 599, 614, 2357808, 0, 1, 2385168, 0, 0
278, 7897088, 600, 616, 2356144, 0, 0, 2381856, 0, 4000
279, 7897088, 602, 618, 2373488, 0, 0, 2400512, 0, 3936
280, 7897088, 597, 613, 2358224, 0, 0, 2383552, 0, 3936
281, 7897088, 595, 611, 2347200, 0, 1, 2373824, 0, 3936
282, 7897088, 601, 616, 2355296, 0, 0, 2386496, 0, 0
283, 7897088, 599, 614, 2357632, 0, 1, 2384352, 0, 0
